id;id_fantoir;numero;rep;nom_voie;code_postal;code_insee;nom_commune;code_insee_ancienne_commune;nom_ancienne_commune;x;y;lon;lat;type_position;alias;nom_ld;libelle_acheminement;nom_afnor;source_position;source_nom_voie;certification_commune;cad_parcelles;id_ban_adresse;id_ban_toponyme;id_ban_commune;status
83005_xddfex_00087_g;;87;g;Ancien chemin de Riez;83630;83005;Artignosc-sur-Verdon;;;949082.19;6294479.24;6.090346;43.705471;entrée;;;ARTIGNOSC SUR VERDON;ANCIEN CHEMIN DE RIEZ;commune;commune;1;830050000B0593;76fa7caa-3a63-4506-aba8-7dc8b8ca10cc;205533f6-3586-46d7-9d2b-7f6d12033b1e;013c44f8-93d3-4849-9207-bd15d000af88;exist
83005_9wch20_00703;;703;;Chemin de Terrisse;83630;83005;Artignosc-sur-Verdon;;;950547.78;6294238.06;6.108393;43.702785;entrée;;;ARTIGNOSC SUR VERDON;CHEMIN DE TERRISSE;commune;commune;1;830050000B0518;7748190c-dacd-4d9e-88c5-4aba688b88fa;7a486df9-08cf-43db-86ee-bd4befaae7f0;013c44f8-93d3-4849-9207-bd15d000af88;add
83005_qkb2kj_00089;;89;;Impasse des Grives;83630;83005;Artignosc-sur-Verdon;;;949776.84;6295324.37;6.099367;43.712825;entrée;;;ARTIGNOSC SUR VERDON;IMPASSE DES GRIVES;commune;commune;1;830050000A0067;7768b36b-d426-42fb-adae-08d773432fad;a0dec6b1-dfb5-4cef-aae7-21cfa0efe4f9;013c44f8-93d3-4849-9207-bd15d000af88;add
83005_0050_00015;83005_0050;15;;Rue du Four;83630;83005;Artignosc-sur-Verdon;;;949038.81;6294171.47;6.089659;43.702719;entrée;;;ARTIGNOSC SUR VERDON;RUE DU FOUR;commune;commune;1;;77f770b9-254b-4ca8-929f-46c1a53d2ffa;fc753472-2eac-4dda-ad8d-aa55181417fd;013c44f8-93d3-4849-9207-bd15d000af88;missing
83005_fj8eu5_00005;;5;;Impasse du Hameau;83630;83005;Artignosc-sur-Verdon;;;949671.67;6294067.71;6.097452;43.701563;entrée;;;ARTIGNOSC SUR VERDON;IMPASSE DU HAMEAU;commune;commune;1;830050000C0464;7881119f-267d-4c0f-bdac-3e3103115e8f;b226fc2b-9e5b-412b-b963-df5d31023330;013c44f8-93d3-4849-9207-bd15d000af88;add
83005_xddfex_00087_f;;87;f;Ancien chemin de Riez;83630;83005;Artignosc-sur-Verdon;;;949093.67;6294480.8;6.090489;43.705481;entrée;;;ARTIGNOSC SUR VERDON;ANCIEN CHEMIN DE RIEZ;commune;commune;1;830050000B0593;788b5f91-ed47-436a-af5d-9cd9741ac38d;205533f6-3586-46d7-9d2b-7f6d12033b1e;013c44f8-93d3-4849-9207-bd15d000af88;add
83005_gufftp_00001;;1;;Escalier du Verger;83630;83005;Artignosc-sur-Verdon;;;949095.38;6294165.12;6.090357;43.702642;entrée;;;ARTIGNOSC SUR VERDON;ESCALIER DU VERGER;commune;commune;1;830050000F0391;78b8e959-d6a6-4e30-a198-7d42fb50fe52;6b164a7e-5383-4132-9ed2-f4b9173964d7;013c44f8-93d3-4849-9207-bd15d000af88;add
83005_i1b0ex_00628;;628;;Route d’Aups;83630;83005;Artignosc-sur-Verdon;;;949703.75;6293963.87;6.097799;43.700618;entrée;;;ARTIGNOSC SUR VERDON;ROUTE D AUPS;commune;commune;1;830050000C0403;79335bff-023e-4037-8355-6b1eae6930b2;e1480221-5fe9-4495-b72a-06f03c89060f;013c44f8-93d3-4849-9207-bd15d000af88;add
83005_9y5iwk_00015;;15;;Impasse du Repos;83630;83005;Artignosc-sur-Verdon;;;949284.24;6294332.45;6.092779;43.70408;entrée;;;ARTIGNOSC SUR VERDON;IMPASSE DU REPOS;commune;commune;1;830050000B0132;7933f25a-ee25-48f8-a4ad-0866dd559a75;4d0feb45-b42c-4664-b737-f705ea898fca;013c44f8-93d3-4849-9207-bd15d000af88;add
83005_xwkkmg_00178;;178;;Route du Lac;83630;83005;Artignosc-sur-Verdon;;;949112.88;6294499.01;6.090736;43.705638;entrée;;;ARTIGNOSC SUR VERDON;ROUTE DU LAC;commune;commune;1;830050000B0146;79769d08-3dfd-4cd1-a1e9-31dd3c1b892d;5a4c675b-7777-48ac-8574-26e2beb89110;013c44f8-93d3-4849-9207-bd15d000af88;add
83005_u7lhlz_00227;;227;;Chemin des Bouissets;83630;83005;Artignosc-sur-Verdon;;;949088.28;6294754.41;6.090555;43.707943;entrée;;;ARTIGNOSC SUR VERDON;CHEMIN DES BOUISSETS;commune;commune;1;830050000F0204;79b073ef-a8ca-4eda-8047-e9f24f765587;0f684111-de5c-4dd1-982d-df072be3ecc3;013c44f8-93d3-4849-9207-bd15d000af88;add
83005_0070_00018;83005_0070;18;;Grand Rue;83630;83005;Artignosc-sur-Verdon;;;949052.71;6294160.45;6.089826;43.702615;entrée;;;ARTIGNOSC SUR VERDON;GRAND RUE;commune;commune;1;830050000F0434;7c3f2f02-0748-40e5-a579-5357c58ee348;ed38b39d-f7cb-4f21-acaa-d478e98b2f0e;013c44f8-93d3-4849-9207-bd15d000af88;add
83005_0046_00002;83005_0046;2;;Chemin de Fontvieille;83630;83005;Artignosc-sur-Verdon;;;949003.81;6294317.46;6.089296;43.704044;entrée;;;ARTIGNOSC SUR VERDON;CHEMIN DE FONTVIEILLE;commune;commune;1;830050000F0544;7cdd2a66-78f5-4b93-9196-d38126195822;e4459009-6ead-4402-ae6b-04cc709ee77d;013c44f8-93d3-4849-9207-bd15d000af88;add
83005_fj8eu5_00003;;3;;Impasse du Hameau;83630;83005;Artignosc-sur-Verdon;;;949664.7;6294054.2;6.097359;43.701444;entrée;;;ARTIGNOSC SUR VERDON;IMPASSE DU HAMEAU;commune;commune;1;830050000C0462;7db23b2f-c466-42b4-b718-1dc0690984c1;b226fc2b-9e5b-412b-b963-df5d31023330;013c44f8-93d3-4849-9207-bd15d000af88;add
83005_xwkkmg_00010;;10;;Route du Lac;83630;83005;Artignosc-sur-Verdon;;;949125.26;6294337.45;6.090811;43.704181;entrée;;;ARTIGNOSC SUR VERDON;ROUTE DU LAC;commune;commune;1;830050000F0336;7ddbf309-0559-45ac-b7a1-dfaf6af9dad9;5a4c675b-7777-48ac-8574-26e2beb89110;013c44f8-93d3-4849-9207-bd15d000af88;add
83005_idi39m_00211;;211;;Impasse des Adrets;83630;83005;Artignosc-sur-Verdon;;;949705.94;6294074.39;6.09788;43.701611;entrée;;;ARTIGNOSC SUR VERDON;IMPASSE DES ADRETS;commune;commune;1;830050000C0396;80460ed4-02f2-4b47-9000-5a4edd073cfa;ac19e336-95e8-4fd0-ba17-82ee5173fc58;013c44f8-93d3-4849-9207-bd15d000af88;add
83005_i1b0ex_00602;;602;;Route d’Aups;83630;83005;Artignosc-sur-Verdon;;;949680.19;6293978.07;6.097514;43.700754;entrée;;;ARTIGNOSC SUR VERDON;ROUTE D AUPS;commune;commune;1;830050000C0402;80998854-8b3b-4250-b8ab-3fb78cab302b;e1480221-5fe9-4495-b72a-06f03c89060f;013c44f8-93d3-4849-9207-bd15d000af88;add
83005_f10vhp_00008;;8;;Descente des Berges de Treburet;83630;83005;Artignosc-sur-Verdon;;;949119.01;6294175.61;6.090655;43.702728;entrée;;;ARTIGNOSC SUR VERDON;DESCENTE DES BERGES DE TREBURET;commune;commune;1;830050000F0662;8182db98-d41a-465b-9fae-295361e627fa;661b9f17-3a8c-485c-ac61-3d121db5abfa;013c44f8-93d3-4849-9207-bd15d000af88;add
83005_0075_00002;83005_0075;2;;Impasse des Jardins;83630;83005;Artignosc-sur-Verdon;;;949071.24;6294146.83;6.090049;43.702486;entrée;;;ARTIGNOSC SUR VERDON;IMPASSE DES JARDINS;commune;commune;1;830050000F0404;818aba21-9a82-4fab-95a2-61d57cae285a;0a9bf961-c659-4dd6-8d88-65f939e9735e;013c44f8-93d3-4849-9207-bd15d000af88;add
83005_uya87b_00001;;1;;Impasse de l’Epicerie;83630;83005;Artignosc-sur-Verdon;;;949173.28;6294198.98;6.091339;43.702919;entrée;;;ARTIGNOSC SUR VERDON;IMPASSE DE L EPICERIE;commune;commune;1;830050000F0672;81f673ae-d74a-40d6-af60-a22c92d1bfd5;0441cbd0-4984-4e73-8d03-479c0ee1ea24;013c44f8-93d3-4849-9207-bd15d000af88;add
83005_bvs0q2_00370;;370;;Chemin des Pres;83630;83005;Artignosc-sur-Verdon;;;948784.51;6294348.25;6.086593;43.704398;entrée;;;ARTIGNOSC SUR VERDON;CHEMIN DES PRES;commune;commune;1;830050000F0874;826e8274-552b-4843-a99b-df311971f145;81749667-138a-47f4-bbae-36d0cac6f291;013c44f8-93d3-4849-9207-bd15d000af88;add
83005_ej29y1_00560;;560;;Chemin du Bridon;83630;83005;Artignosc-sur-Verdon;;;950718.57;6294252.91;6.110517;43.702858;entrée;;;ARTIGNOSC SUR VERDON;CHEMIN DU BRIDON;commune;commune;1;830050000B0545;8354c334-eee7-4463-91b9-6194b2ddff55;6682f431-be3b-4a39-a62d-d936c6868d15;013c44f8-93d3-4849-9207-bd15d000af88;exist
83005_0090_00013;83005_0090;13;;Rue des Muletières;83630;83005;Artignosc-sur-Verdon;;;949182.47;6294223.92;6.091465;43.70314;entrée;;;ARTIGNOSC SUR VERDON;RUE DES MULETIERES;commune;commune;1;830050000F0350;84c36591-501c-49d7-88d7-c19bd67e789d;2a278aa4-9b56-4b93-846a-4d6b843a78b8;013c44f8-93d3-4849-9207-bd15d000af88;add
83005_6tgwk7_00013;;13;;Rue du Puits Neuf;83630;83005;Artignosc-sur-Verdon;;;949018.75;6294183.14;6.089416;43.702831;entrée;;;ARTIGNOSC SUR VERDON;RUE DU PUITS NEUF;commune;commune;1;830050000F0787;856d53aa-c95b-44ae-9f21-2ff4a90e52ad;6abcce4b-bd19-4cf7-ab5c-53c3e98c46c6;013c44f8-93d3-4849-9207-bd15d000af88;add
83005_0005_00012;83005_0005;12;;Rue des Aires;83630;83005;Artignosc-sur-Verdon;;;949024.77;6294361.1;6.089577;43.704429;entrée;;;ARTIGNOSC SUR VERDON;RUE DES AIRES;commune;commune;1;830050000F0650;85713cce-228e-469f-aaa2-63f84548744b;271cb933-fffc-4e3e-8493-af19d33a977a;013c44f8-93d3-4849-9207-bd15d000af88;add
83005_mm3h5r_00054;;54;;Chemin des Planets;83630;83005;Artignosc-sur-Verdon;;;949158.57;6294430.4;6.091269;43.705005;entrée;;;ARTIGNOSC SUR VERDON;CHEMIN DES PLANETS;commune;commune;1;830050000B0138;85f57f38-d28a-48ae-8bdb-ee38f1c9b45b;a5934718-0f9f-4b66-bda3-99d7ba3e9228;013c44f8-93d3-4849-9207-bd15d000af88;add
83005_0hov9n_00345;;345;;D’71;83630;83005;Artignosc-sur-Verdon;;;950912.1;6292942.48;6.112275;43.691007;entrée;;;ARTIGNOSC SUR VERDON;D 71;commune;commune;1;830050000C0251;86203b12-6252-42aa-b055-b773b1c4d2b2;b0edbb27-7522-437e-9b25-c0cf06e47cdf;013c44f8-93d3-4849-9207-bd15d000af88;add
83005_mm3h5r_00242;;242;;Chemin des Planets;83630;83005;Artignosc-sur-Verdon;;;949293.52;6294536.23;6.092993;43.705909;entrée;;;ARTIGNOSC SUR VERDON;CHEMIN DES PLANETS;commune;commune;1;830050000B0424;863610f5-270b-4502-b81d-263e18c54fd3;a5934718-0f9f-4b66-bda3-99d7ba3e9228;013c44f8-93d3-4849-9207-bd15d000af88;add
83005_0090_00003;83005_0090;3;;Rue des Muletières;83630;83005;Artignosc-sur-Verdon;;;949156.14;6294218.55;6.091136;43.703101;entrée;;;ARTIGNOSC SUR VERDON;RUE DES MULETIERES;commune;commune;1;830050000F0345;86ca85a9-bc1b-4bd6-943e-7fbbc033c69a;2a278aa4-9b56-4b93-846a-4d6b843a78b8;013c44f8-93d3-4849-9207-bd15d000af88;add
83005_0005_00002_bis;83005_0005;2;bis;Rue des Aires;83630;83005;Artignosc-sur-Verdon;;;949091.57;6294330.35;6.09039;43.704129;entrée;;;ARTIGNOSC SUR VERDON;RUE DES AIRES;commune;commune;1;830050000F0330;87c17e35-ed69-447f-926b-6d1bc0a1d3e8;271cb933-fffc-4e3e-8493-af19d33a977a;013c44f8-93d3-4849-9207-bd15d000af88;exist
83005_34cm7a_00157;;157;;Impasse des Oliviers;83630;83005;Artignosc-sur-Verdon;;;948762.26;6294764.56;6.086519;43.708149;entrée;;;ARTIGNOSC SUR VERDON;IMPASSE DES OLIVIERS;commune;commune;1;830050000F0279;87efdb56-66f5-4aeb-a572-f0acee089704;237d209e-f79a-48bb-a8ff-cdf95c84ac46;013c44f8-93d3-4849-9207-bd15d000af88;add
83005_0055_00188;83005_0055;188;;Chemin des Fourches;83630;83005;Artignosc-sur-Verdon;;;948958.63;6294667.7;6.088906;43.707209;entrée;;;ARTIGNOSC SUR VERDON;CHEMIN DES FOURCHES;commune;commune;1;830050000F0833;87fc2c34-2bd7-4f05-84df-1f3b749417b9;b7631944-776b-4c32-b534-8b069d26cea8;013c44f8-93d3-4849-9207-bd15d000af88;add
83005_0115_00001;83005_0115;1;;Chemin de sous Ville;83630;83005;Artignosc-sur-Verdon;;;949012.39;6294155.98;6.089324;43.702589;entrée;;;ARTIGNOSC SUR VERDON;CHEMIN DE SOUS VILLE;commune;commune;1;830050000F0449;87fc8297-ec6a-4355-a55a-6511a331a00d;f8052e8b-5000-4cb6-94c1-d433717ae74d;013c44f8-93d3-4849-9207-bd15d000af88;exist
83005_0090_00001;83005_0090;1;;Rue des Muletières;83630;83005;Artignosc-sur-Verdon;;;949145.18;6294216.12;6.090999;43.703083;entrée;;;ARTIGNOSC SUR VERDON;RUE DES MULETIERES;commune;commune;1;830050000F0344;886a1c23-55ca-4bb8-aef3-35f2433cebf5;2a278aa4-9b56-4b93-846a-4d6b843a78b8;013c44f8-93d3-4849-9207-bd15d000af88;add
83005_bvs0q2_00591;;591;;Chemin des Pres;83630;83005;Artignosc-sur-Verdon;;;948689.06;6294527.92;6.085497;43.706047;entrée;;;ARTIGNOSC SUR VERDON;CHEMIN DES PRES;commune;commune;1;830050000F0041;88e40059-44c2-42c2-a288-423861303df1;81749667-138a-47f4-bbae-36d0cac6f291;013c44f8-93d3-4849-9207-bd15d000af88;add
83005_0115_00013;83005_0115;13;;Chemin de sous Ville;83630;83005;Artignosc-sur-Verdon;;;949090.65;6294125.12;6.090279;43.702284;entrée;;;ARTIGNOSC SUR VERDON;CHEMIN DE SOUS VILLE;commune;commune;1;830050000F0658;89268065-0710-4de1-926c-507d7e3ecca9;f8052e8b-5000-4cb6-94c1-d433717ae74d;013c44f8-93d3-4849-9207-bd15d000af88;add
83005_0070_00027;83005_0070;27;;Grand Rue;83630;83005;Artignosc-sur-Verdon;;;949059.62;6294159.16;6.089911;43.702601;entrée;;;ARTIGNOSC SUR VERDON;GRAND RUE;commune;commune;1;830050000F0421;895ec670-3e20-4c38-8711-01878217d1f3;ed38b39d-f7cb-4f21-acaa-d478e98b2f0e;013c44f8-93d3-4849-9207-bd15d000af88;add
83005_xddfex_00087_d;;87;d;Ancien chemin de Riez;83630;83005;Artignosc-sur-Verdon;;;949078.05;6294463.28;6.090287;43.705329;entrée;;;ARTIGNOSC SUR VERDON;ANCIEN CHEMIN DE RIEZ;commune;commune;1;830050000B0440;89fe57e3-8bc2-44f7-8de6-2449651465bb;205533f6-3586-46d7-9d2b-7f6d12033b1e;013c44f8-93d3-4849-9207-bd15d000af88;exist
83005_6tgwk7_00011;;11;;Rue du Puits Neuf;83630;83005;Artignosc-sur-Verdon;;;949021.81;6294189.27;6.089457;43.702885;entrée;;;ARTIGNOSC SUR VERDON;RUE DU PUITS NEUF;commune;commune;1;830050000F0454;8a46c509-e9ae-4e11-953e-84244686891a;6abcce4b-bd19-4cf7-ab5c-53c3e98c46c6;013c44f8-93d3-4849-9207-bd15d000af88;add
83005_0110_00004;83005_0110;4;;Cours Sadi Carnot;83630;83005;Artignosc-sur-Verdon;;;949137;6294313.67;6.090945;43.703963;entrée;;;ARTIGNOSC SUR VERDON;COURS SADI CARNOT;commune;commune;1;830050000F0623;8aa07f49-4e81-4318-a41d-3b6bda0990c5;5f25b7d7-70c8-4383-af6d-22f9ca2a498e;013c44f8-93d3-4849-9207-bd15d000af88;add
83005_mm3h5r_00028;;28;;Chemin des Planets;83630;83005;Artignosc-sur-Verdon;;;949132.92;6294438.52;6.090955;43.705087;entrée;;;ARTIGNOSC SUR VERDON;CHEMIN DES PLANETS;commune;commune;1;830050000B0139;8bd4d0f3-c926-4ef2-a447-73942eaf16f2;a5934718-0f9f-4b66-bda3-99d7ba3e9228;013c44f8-93d3-4849-9207-bd15d000af88;add
83005_0070_00020;83005_0070;20;;Grand Rue;83630;83005;Artignosc-sur-Verdon;;;949050.16;6294155.57;6.089792;43.702572;entrée;;;ARTIGNOSC SUR VERDON;GRAND RUE;commune;commune;1;830050000F0436;8c59aba2-2c6a-4aa1-9383-6517cf4fb6bc;ed38b39d-f7cb-4f21-acaa-d478e98b2f0e;013c44f8-93d3-4849-9207-bd15d000af88;add
83005_0065_00010;83005_0065;10;;Rue Grambois;83630;83005;Artignosc-sur-Verdon;;;949091.07;6294155.5;6.090299;43.702557;entrée;;;ARTIGNOSC SUR VERDON;RUE GRAMBOIS;commune;commune;1;830050000F0394;8c7894f7-3e8b-47b6-bec5-8bf3547d694a;b5269a2f-8054-4d45-8988-9940e937226f;013c44f8-93d3-4849-9207-bd15d000af88;add
83005_4n6720_00001;;1;;Impasse du Château;83630;83005;Artignosc-sur-Verdon;;;949104.49;6294189.83;6.090482;43.702861;entrée;;;ARTIGNOSC SUR VERDON;IMPASSE DU CHATEAU;commune;commune;1;830050000F0502;8c88896e-0adf-4b7c-818e-c7c68d5c0d1d;783f5444-4430-4df3-96d5-0f986f1c60ac;013c44f8-93d3-4849-9207-bd15d000af88;exist
83005_6uq6o4_00641;;641;;Chemin de Baudinard;83630;83005;Artignosc-sur-Verdon;;;949713.49;6294513.22;6.098187;43.705554;entrée;;;ARTIGNOSC SUR VERDON;CHEMIN DE BAUDINARD;commune;commune;1;830050000B0169;8cc70f4b-77a1-448d-8f0e-ff9caf623194;b7074437-8e22-4eda-a787-7ebd5681703a;013c44f8-93d3-4849-9207-bd15d000af88;exist
83005_ej29y1_00108;;108;;Chemin du Bridon;83630;83005;Artignosc-sur-Verdon;;;950597.96;6294318;6.109054;43.703486;entrée;;;ARTIGNOSC SUR VERDON;CHEMIN DU BRIDON;commune;commune;1;830050000B0435;8e19e006-9919-4710-bbe7-7f751386d98d;6682f431-be3b-4a39-a62d-d936c6868d15;013c44f8-93d3-4849-9207-bd15d000af88;add
83005_u7lhlz_00113;;113;;Chemin des Bouissets;83630;83005;Artignosc-sur-Verdon;;;949127.23;6294655.84;6.09099;43.707043;entrée;;;ARTIGNOSC SUR VERDON;CHEMIN DES BOUISSETS;commune;commune;1;830050000F0816;8e4b1c9a-c6e1-4145-a8af-d449a3980134;0f684111-de5c-4dd1-982d-df072be3ecc3;013c44f8-93d3-4849-9207-bd15d000af88;exist
83005_0090_00025;83005_0090;25;;Rue des Muletières;83630;83005;Artignosc-sur-Verdon;;;949218.33;6294229.33;6.091912;43.703176;entrée;;;ARTIGNOSC SUR VERDON;RUE DES MULETIERES;commune;commune;1;830050000F0354;8e5d8f05-477d-46a2-af5e-2e7e717dfce4;2a278aa4-9b56-4b93-846a-4d6b843a78b8;013c44f8-93d3-4849-9207-bd15d000af88;add
83005_0065_00008;83005_0065;8;;Rue Grambois;83630;83005;Artignosc-sur-Verdon;;;949084.35;6294154.12;6.090215;43.702547;entrée;;;ARTIGNOSC SUR VERDON;RUE GRAMBOIS;commune;commune;1;;8e9503f8-4493-415a-b7cc-c9904fdf7b5d;b5269a2f-8054-4d45-8988-9940e937226f;013c44f8-93d3-4849-9207-bd15d000af88;missing
83005_rv734b_00588;;588;;Chemin de Fontayne;83630;83005;Artignosc-sur-Verdon;;;949761.94;6294103.17;6.098588;43.70185;entrée;;;ARTIGNOSC SUR VERDON;CHEMIN DE FONTAYNE;commune;commune;1;830050000C0303;8eca09be-4143-4ac3-941b-26fa0a77696b;a49af9fa-f06f-41ca-bc63-5b28749d268f;013c44f8-93d3-4849-9207-bd15d000af88;add
83005_9wch20_00445;;445;;Chemin de Terrisse;83630;83005;Artignosc-sur-Verdon;;;950276.92;6294330.06;6.105081;43.703708;entrée;;;ARTIGNOSC SUR VERDON;CHEMIN DE TERRISSE;commune;commune;1;830050000B0067;8f9e17a0-ad5d-4aec-8a74-00fc0d4e7e3a;7a486df9-08cf-43db-86ee-bd4befaae7f0;013c44f8-93d3-4849-9207-bd15d000af88;add
83005_mm3h5r_00380;;380;;Chemin des Planets;83630;83005;Artignosc-sur-Verdon;;;949195.79;6294512.16;6.09177;43.705727;entrée;;;ARTIGNOSC SUR VERDON;CHEMIN DES PLANETS;commune;commune;1;830050000B0424;8fff3513-6b2f-4d1c-a8e9-096b2e6b7dc2;a5934718-0f9f-4b66-bda3-99d7ba3e9228;013c44f8-93d3-4849-9207-bd15d000af88;add
83005_0090_00021;83005_0090;21;;Rue des Muletières;83630;83005;Artignosc-sur-Verdon;;;949205.57;6294227.49;6.091753;43.703164;entrée;;;ARTIGNOSC SUR VERDON;RUE DES MULETIERES;commune;commune;1;830050000F0353;90511a7e-f0e8-4b50-b68a-df996743e899;2a278aa4-9b56-4b93-846a-4d6b843a78b8;013c44f8-93d3-4849-9207-bd15d000af88;add
83005_0070_00014;83005_0070;14;;Grand Rue;83630;83005;Artignosc-sur-Verdon;;;949064.83;6294164.26;6.089978;43.702645;entrée;;;ARTIGNOSC SUR VERDON;GRAND RUE;commune;commune;1;830050000F0644;90709aad-85e4-4391-a591-3ad395de425e;ed38b39d-f7cb-4f21-acaa-d478e98b2f0e;013c44f8-93d3-4849-9207-bd15d000af88;add
83005_6uq6o4_00263;;263;;Chemin de Baudinard;83630;83005;Artignosc-sur-Verdon;;;949369.12;6294453.89;6.09389;43.705142;entrée;;;ARTIGNOSC SUR VERDON;CHEMIN DE BAUDINARD;commune;commune;1;830050000B0417;907bd5ea-ba45-4c56-a80d-1ef17e209e6b;b7074437-8e22-4eda-a787-7ebd5681703a;013c44f8-93d3-4849-9207-bd15d000af88;exist
83005_i1b0ex_00122;;122;;Route d’Aups;83630;83005;Artignosc-sur-Verdon;;;949342.86;6294232.65;6.093457;43.703162;entrée;;;ARTIGNOSC SUR VERDON;ROUTE D AUPS;commune;commune;1;830050000C0169;913af6fc-ea7e-4a7a-968a-9c2828b62461;e1480221-5fe9-4495-b72a-06f03c89060f;013c44f8-93d3-4849-9207-bd15d000af88;exist
83005_lpcytg_00004;;4;;Chemin du Grand Jardin;83630;83005;Artignosc-sur-Verdon;;;949072.48;6294317.04;6.090147;43.704016;entrée;;;ARTIGNOSC SUR VERDON;CHEMIN DU GRAND JARDIN;commune;commune;1;830050000F0515;91d1067f-0a50-4187-bd60-33fc83530f94;7e0ddef0-6344-42d0-b66b-7b4a1c18d0ca;013c44f8-93d3-4849-9207-bd15d000af88;add
83005_u7lhlz_00159;;159;;Chemin des Bouissets;83630;83005;Artignosc-sur-Verdon;;;949105.98;6294685.48;6.090741;43.707317;entrée;;;ARTIGNOSC SUR VERDON;CHEMIN DES BOUISSETS;commune;commune;1;830050000F0202;91ee3218-e9e6-43b4-8802-bcc725abc4e8;0f684111-de5c-4dd1-982d-df072be3ecc3;013c44f8-93d3-4849-9207-bd15d000af88;add
83005_pldadg_00073;;73;;Chemin des Amandiers;83630;83005;Artignosc-sur-Verdon;;;949272.29;6294458.44;6.092692;43.705217;entrée;;;ARTIGNOSC SUR VERDON;CHEMIN DES AMANDIERS;commune;commune;1;830050000B0516;9213915b-e98f-406a-8045-40b09cf75a7f;0c177700-3e62-4ceb-93a9-fc5bc46ba63a;013c44f8-93d3-4849-9207-bd15d000af88;add
83005_pdn8gd_00402;;402;;Voie Royale;83630;83005;Artignosc-sur-Verdon;;;951321.46;6292994.78;6.117373;43.691332;entrée;;;ARTIGNOSC SUR VERDON;VOIE ROYALE;commune;commune;1;830050000C0316;92604dfd-be6e-4c58-adb2-a71dee21e26a;e27ada07-dab4-456a-bb76-a534a0c3849b;013c44f8-93d3-4849-9207-bd15d000af88;exist
83005_6pohki_00114;;114;;Impasse de l’Aspe;83630;83005;Artignosc-sur-Verdon;;;949719.85;6295263.63;6.098631;43.712299;entrée;;;ARTIGNOSC SUR VERDON;IMPASSE DE L ASPE;commune;commune;1;830050000A0461;931920e6-259a-4c31-8cab-3b702b1032be;1d96c10d-8ded-4101-9d5c-9c805f213680;013c44f8-93d3-4849-9207-bd15d000af88;add
83005_2hi48l_00001;;1;;Escalier de la Placette;83630;83005;Artignosc-sur-Verdon;;;949041.41;6294139.99;6.089676;43.702435;entrée;;;ARTIGNOSC SUR VERDON;ESCALIER DE LA PLACETTE;commune;commune;1;830050000F0414;9327d09f-b022-47ad-b9a8-24b7fcd047be;0efaf4e1-ddf4-4e5d-a8f5-e07f7e204e71;013c44f8-93d3-4849-9207-bd15d000af88;add
83005_xddfex_00214;;214;;Ancien chemin de Riez;83630;83005;Artignosc-sur-Verdon;;;948941.77;6294393.44;6.088564;43.704749;entrée;;;ARTIGNOSC SUR VERDON;ANCIEN CHEMIN DE RIEZ;commune;commune;1;830050000F0243;93fcf92a-f248-443a-816f-eb625c14c6ce;205533f6-3586-46d7-9d2b-7f6d12033b1e;013c44f8-93d3-4849-9207-bd15d000af88;exist
83005_0110_00008;83005_0110;8;;Cours Sadi Carnot;83630;83005;Artignosc-sur-Verdon;;;949124.48;6294328.42;6.090797;43.7041;entrée;;;ARTIGNOSC SUR VERDON;COURS SADI CARNOT;commune;commune;1;830050000F0336;941a84b7-27d7-4eea-b42a-2dbfcf29051f;5f25b7d7-70c8-4383-af6d-22f9ca2a498e;013c44f8-93d3-4849-9207-bd15d000af88;add
83005_rv734b_00214;;214;;Chemin de Fontayne;83630;83005;Artignosc-sur-Verdon;;;949434.99;6294230.92;6.094598;43.703114;entrée;;;ARTIGNOSC SUR VERDON;CHEMIN DE FONTAYNE;commune;commune;1;830050000C0010;94effe63-692a-4421-a7b6-9a2122d2057c;a49af9fa-f06f-41ca-bc63-5b28749d268f;013c44f8-93d3-4849-9207-bd15d000af88;add
83005_0020_00001;83005_0020;1;;Rue du Bassin;83630;83005;Artignosc-sur-Verdon;;;949087.63;6294208.3;6.090282;43.703033;entrée;;;ARTIGNOSC SUR VERDON;RUE DU BASSIN;commune;commune;1;830050000F0468;969b679b-e6ea-437a-9cb8-5adbbb829c22;fd1cc111-df4e-4a18-b20d-fba340363e1a;013c44f8-93d3-4849-9207-bd15d000af88;add
83005_mm3h5r_00178;;178;;Chemin des Planets;83630;83005;Artignosc-sur-Verdon;;;949242.55;6294525.45;6.092356;43.70583;entrée;;;ARTIGNOSC SUR VERDON;CHEMIN DES PLANETS;commune;commune;1;830050000B0424;96f69d54-e1ab-4a4f-ad55-e49961aefbbc;a5934718-0f9f-4b66-bda3-99d7ba3e9228;013c44f8-93d3-4849-9207-bd15d000af88;add
83005_0j3isg_00300;;300;;Chemin des Bardelieres;83630;83005;Artignosc-sur-Verdon;;;948768.23;6294642.9;6.086534;43.707053;entrée;;;ARTIGNOSC SUR VERDON;CHEMIN DES BARDELIERES;commune;commune;1;830050000F0825;9720a410-e3a9-41a6-b2c1-df3d0b1322f2;3ab723c0-a906-485c-b666-335b62e31380;013c44f8-93d3-4849-9207-bd15d000af88;add
83005_8x7xbv_00670;;670;;Chemin de Fontblanche;83630;83005;Artignosc-sur-Verdon;;;949604.55;6295091.39;6.097118;43.710791;entrée;;;ARTIGNOSC SUR VERDON;CHEMIN DE FONTBLANCHE;commune;commune;1;830050000B0003;97382399-57bd-41ef-a933-c74d3e823f90;9b01af01-470e-4171-9e65-e346b9f62d7f;013c44f8-93d3-4849-9207-bd15d000af88;add
83005_0040_00003;83005_0040;3;;Rue de l'Egalité;83630;83005;Artignosc-sur-Verdon;;;949179.66;6294242.16;6.091439;43.703305;entrée;;;ARTIGNOSC SUR VERDON;RUE DE L EGALITE;commune;commune;1;830050000B0135;97559ac4-f11e-49f4-9f00-a39ac18801cd;66b69e27-ee56-41b0-a0a8-5ab64711f48b;013c44f8-93d3-4849-9207-bd15d000af88;add
83005_6tgwk7_00003;;3;;Rue du Puits Neuf;83630;83005;Artignosc-sur-Verdon;;;949038.12;6294207.7;6.089668;43.703045;entrée;;;ARTIGNOSC SUR VERDON;RUE DU PUITS NEUF;commune;commune;1;830050000F0458;97d90a9d-d0a5-44a3-87d6-cdebc970951b;6abcce4b-bd19-4cf7-ab5c-53c3e98c46c6;013c44f8-93d3-4849-9207-bd15d000af88;add
83005_4n6720_00002;;2;;Impasse du Château;83630;83005;Artignosc-sur-Verdon;;;949102.25;6294193.64;6.090456;43.702896;entrée;;;ARTIGNOSC SUR VERDON;IMPASSE DU CHATEAU;commune;commune;1;830050000F0504;97dd5e14-7a22-44d5-97e8-7efb3f59ab36;783f5444-4430-4df3-96d5-0f986f1c60ac;013c44f8-93d3-4849-9207-bd15d000af88;exist
83005_0j3isg_00413;;413;;Chemin des Bardelieres;83630;83005;Artignosc-sur-Verdon;;;948623.99;6294590.77;6.084721;43.706635;entrée;;;ARTIGNOSC SUR VERDON;CHEMIN DES BARDELIERES;commune;commune;1;830050000F0039;980332e3-547f-4d4c-b09f-aa845552c78e;3ab723c0-a906-485c-b666-335b62e31380;013c44f8-93d3-4849-9207-bd15d000af88;add
83005_0055_00201;83005_0055;201;;Chemin des Fourches;83630;83005;Artignosc-sur-Verdon;;;948906.81;6294635.31;6.088248;43.706936;entrée;;;ARTIGNOSC SUR VERDON;CHEMIN DES FOURCHES;commune;commune;1;830050000F0738;98143f58-2556-4a9a-a3d0-0d0901308d34;b7631944-776b-4c32-b534-8b069d26cea8;013c44f8-93d3-4849-9207-bd15d000af88;add
83005_9wch20_00663;;663;;Chemin de Terrisse;83630;83005;Artignosc-sur-Verdon;;;950508.55;6294246.64;6.107911;43.702876;entrée;;;ARTIGNOSC SUR VERDON;CHEMIN DE TERRISSE;commune;commune;1;830050000B0521;9855ce42-8972-46d7-a2a4-5bba1ed0139c;7a486df9-08cf-43db-86ee-bd4befaae7f0;013c44f8-93d3-4849-9207-bd15d000af88;add
83005_0055_00304;83005_0055;304;;Chemin des Fourches;83630;83005;Artignosc-sur-Verdon;;;948880.01;6294751.26;6.087972;43.707988;entrée;;;ARTIGNOSC SUR VERDON;CHEMIN DES FOURCHES;commune;commune;1;830050000F0769;989f378e-44cb-4a8f-9c0d-52680819a8e5;b7631944-776b-4c32-b534-8b069d26cea8;013c44f8-93d3-4849-9207-bd15d000af88;add
83005_0090_00004;83005_0090;4;;Rue des Muletières;83630;83005;Artignosc-sur-Verdon;;;949134.18;6294206.57;6.090858;43.703001;entrée;;;ARTIGNOSC SUR VERDON;RUE DES MULETIERES;commune;commune;1;830050000F0378;98bbe4b4-4cd6-4e72-a9e4-cbcf03bb64aa;2a278aa4-9b56-4b93-846a-4d6b843a78b8;013c44f8-93d3-4849-9207-bd15d000af88;add
83005_8hg1ro_00166;;166;;Impasse de la Coste;83630;83005;Artignosc-sur-Verdon;;;949601.96;6293975;6.096543;43.700754;entrée;;;ARTIGNOSC SUR VERDON;IMPASSE DE LA COSTE;commune;commune;1;830050000C0494;9923a9ec-1061-4b45-a1c3-95282dce0ef4;1f25d772-664e-4c68-a7dd-f0035b7e1980;013c44f8-93d3-4849-9207-bd15d000af88;add
83005_ej29y1_00658;;658;;Chemin du Bridon;83630;83005;Artignosc-sur-Verdon;;;950707.7;6294156.06;6.110335;43.701991;entrée;;;ARTIGNOSC SUR VERDON;CHEMIN DU BRIDON;commune;commune;1;830050000B0507;99d591f1-707f-470a-aec1-be6fc5b99d7a;6682f431-be3b-4a39-a62d-d936c6868d15;013c44f8-93d3-4849-9207-bd15d000af88;add
83005_6tgwk7_00009;;9;;Rue du Puits Neuf;83630;83005;Artignosc-sur-Verdon;;;949026.19;6294194.89;6.089514;43.702934;entrée;;;ARTIGNOSC SUR VERDON;RUE DU PUITS NEUF;commune;commune;1;830050000F0455;9abf1eef-9b2e-47d8-92bf-e3c17b2ec34d;6abcce4b-bd19-4cf7-ab5c-53c3e98c46c6;013c44f8-93d3-4849-9207-bd15d000af88;add
83005_0070_00002;83005_0070;2;;Grand Rue;83630;83005;Artignosc-sur-Verdon;;;949109.32;6294190.25;6.090542;43.702863;entrée;;;ARTIGNOSC SUR VERDON;GRAND RUE;commune;commune;1;830050000F0502;9bb0578e-3da2-42e4-bda9-0335ca985900;ed38b39d-f7cb-4f21-acaa-d478e98b2f0e;013c44f8-93d3-4849-9207-bd15d000af88;exist
83005_0090_00024;83005_0090;24;;Rue des Muletières;83630;83005;Artignosc-sur-Verdon;;;949193.88;6294219.03;6.091604;43.703092;entrée;;;ARTIGNOSC SUR VERDON;RUE DES MULETIERES;commune;commune;1;830050000F0359;9bb122f5-3fe9-4591-91be-c76de0013e09;2a278aa4-9b56-4b93-846a-4d6b843a78b8;013c44f8-93d3-4849-9207-bd15d000af88;add
83005_2hi48l_00005;;5;;Escalier de la Placette;83630;83005;Artignosc-sur-Verdon;;;949035.76;6294131.87;6.089602;43.702364;entrée;;;ARTIGNOSC SUR VERDON;ESCALIER DE LA PLACETTE;commune;commune;1;830050000F0414;9cf7f31d-9ac0-4839-b144-e587039ab0bb;0efaf4e1-ddf4-4e5d-a8f5-e07f7e204e71;013c44f8-93d3-4849-9207-bd15d000af88;add
83005_rv734b_00558;;558;;Chemin de Fontayne;83630;83005;Artignosc-sur-Verdon;;;949752.15;6294188.09;6.098508;43.702617;entrée;;;ARTIGNOSC SUR VERDON;CHEMIN DE FONTAYNE;commune;commune;1;830050000C0026;9d96e3f2-5798-4d2f-b1f0-979a8887e0af;a49af9fa-f06f-41ca-bc63-5b28749d268f;013c44f8-93d3-4849-9207-bd15d000af88;exist
83005_ej29y1_00551;;551;;Chemin du Bridon;83630;83005;Artignosc-sur-Verdon;;;950743.82;6294257.13;6.110832;43.702887;entrée;;;ARTIGNOSC SUR VERDON;CHEMIN DU BRIDON;commune;commune;1;830050000B0449;9df7330b-bede-4dd2-a27f-28af0509c5fb;6682f431-be3b-4a39-a62d-d936c6868d15;013c44f8-93d3-4849-9207-bd15d000af88;add
83005_mm3h5r_00412;;412;;Chemin des Planets;83630;83005;Artignosc-sur-Verdon;;;949188.65;6294502.98;6.091677;43.705647;entrée;;;ARTIGNOSC SUR VERDON;CHEMIN DES PLANETS;commune;commune;1;830050000B0424;a065e8d7-a3a3-4582-9d55-640b78194398;a5934718-0f9f-4b66-bda3-99d7ba3e9228;013c44f8-93d3-4849-9207-bd15d000af88;add
83005_i1b0ex_01929;;1929;;Route d’Aups;83630;83005;Artignosc-sur-Verdon;;;950160.78;6293276.14;6.103128;43.694273;entrée;;;ARTIGNOSC SUR VERDON;ROUTE D AUPS;commune;commune;1;830050000C0206;a0941700-bf24-4e78-9e5a-648c615e6746;e1480221-5fe9-4495-b72a-06f03c89060f;013c44f8-93d3-4849-9207-bd15d000af88;add
83005_rv734b_01022;;1022;;Chemin de Fontayne;83630;83005;Artignosc-sur-Verdon;;;950110.13;6293911.88;6.10281;43.700007;entrée;;;ARTIGNOSC SUR VERDON;CHEMIN DE FONTAYNE;commune;commune;1;830050000C0173;a0b09cc7-fc0b-420e-9488-c07e4e0ab59a;a49af9fa-f06f-41ca-bc63-5b28749d268f;013c44f8-93d3-4849-9207-bd15d000af88;add
83005_r1zq5l_00400;;400;;Chemin de Pampelone;83630;83005;Artignosc-sur-Verdon;;;951468.17;6292990.9;6.119189;43.691245;entrée;;;ARTIGNOSC SUR VERDON;CHEMIN DE PAMPELONE;commune;commune;1;830050000C0227;a0bce4d7-d57d-49dd-9a3a-088790334333;5b95bbf6-3971-4479-aed2-884712269dc7;013c44f8-93d3-4849-9207-bd15d000af88;add
83005_b015_00122;83005_B015;122;;Chemin de Quinson;83630;83005;Artignosc-sur-Verdon;;;948810.34;6294135.39;6.08681;43.702475;entrée;;;ARTIGNOSC SUR VERDON;CHEMIN DE QUINSON;commune;commune;1;830050000F0082;a2a6b6ed-1e26-4004-9cd9-4f66bc722317;6352b0e1-43a0-4eef-a2a8-0869369ce4af;013c44f8-93d3-4849-9207-bd15d000af88;exist
83005_f10vhp_00003;;3;;Descente des Berges de Treburet;83630;83005;Artignosc-sur-Verdon;;;949126.31;6294191.13;6.090753;43.702865;entrée;;;ARTIGNOSC SUR VERDON;DESCENTE DES BERGES DE TREBURET;commune;commune;1;830050000F0878;a31dd33a-9865-42e3-a1e5-a131f6d9b760;661b9f17-3a8c-485c-ac61-3d121db5abfa;013c44f8-93d3-4849-9207-bd15d000af88;add
83005_9wch20_00027;;27;;Chemin de Terrisse;83630;83005;Artignosc-sur-Verdon;;;949923.66;6294371.78;6.100723;43.704208;entrée;;;ARTIGNOSC SUR VERDON;CHEMIN DE TERRISSE;commune;commune;1;830050000B0455;a3205dbb-6dfe-43f4-8466-894f0c593899;7a486df9-08cf-43db-86ee-bd4befaae7f0;013c44f8-93d3-4849-9207-bd15d000af88;add
83005_0115_00003;83005_0115;3;;Chemin de sous Ville;83630;83005;Artignosc-sur-Verdon;;;949013.47;6294153.13;6.089336;43.702563;entrée;;;ARTIGNOSC SUR VERDON;CHEMIN DE SOUS VILLE;commune;commune;1;830050000F0449;a3b133f3-1ea6-499c-8b72-c2b4bb538f65;f8052e8b-5000-4cb6-94c1-d433717ae74d;013c44f8-93d3-4849-9207-bd15d000af88;exist
83005_0070_00008;83005_0070;8;;Grand Rue;83630;83005;Artignosc-sur-Verdon;;;949090;6294174.7;6.090295;43.70273;entrée;;;ARTIGNOSC SUR VERDON;GRAND RUE;commune;commune;1;830050000F0428;a494300e-adcd-4934-9402-f9c4f1c89be9;ed38b39d-f7cb-4f21-acaa-d478e98b2f0e;013c44f8-93d3-4849-9207-bd15d000af88;add
83005_i1b0ex_00688;;688;;Route d’Aups;83630;83005;Artignosc-sur-Verdon;;;949765.43;6293958.72;6.098561;43.70055;entrée;;;ARTIGNOSC SUR VERDON;ROUTE D AUPS;commune;commune;1;830050000C0482;a5c0ee40-f321-4900-a952-ca16d2335e7c;e1480221-5fe9-4495-b72a-06f03c89060f;013c44f8-93d3-4849-9207-bd15d000af88;add
83005_0070_00009;83005_0070;9;;Grand Rue;83630;83005;Artignosc-sur-Verdon;;;949111.23;6294176.53;6.090559;43.702739;entrée;;;ARTIGNOSC SUR VERDON;GRAND RUE;commune;commune;1;;a622ddc2-a094-4ff1-8b0c-0fb57985226c;ed38b39d-f7cb-4f21-acaa-d478e98b2f0e;013c44f8-93d3-4849-9207-bd15d000af88;missing
83005_0070_00037;83005_0070;37;;Grand Rue;83630;83005;Artignosc-sur-Verdon;;;949018.15;6294154.98;6.089395;43.702578;entrée;;;ARTIGNOSC SUR VERDON;GRAND RUE;commune;commune;1;830050000F0449;a67a5e5f-87a4-4883-a2cc-64a88b618ee5;ed38b39d-f7cb-4f21-acaa-d478e98b2f0e;013c44f8-93d3-4849-9207-bd15d000af88;exist
83005_0040_00010;83005_0040;10;;Rue de l'Egalité;83630;83005;Artignosc-sur-Verdon;;;949193.83;6294230.59;6.091609;43.703196;entrée;;;ARTIGNOSC SUR VERDON;RUE DE L EGALITE;commune;commune;1;830050000F0727;a6b91af7-726e-46b4-b30d-530ef198d905;66b69e27-ee56-41b0-a0a8-5ab64711f48b;013c44f8-93d3-4849-9207-bd15d000af88;add
83005_0020_00007;83005_0020;7;;Rue du Bassin;83630;83005;Artignosc-sur-Verdon;;;949052.7;6294195.93;6.089843;43.702934;entrée;;;ARTIGNOSC SUR VERDON;RUE DU BASSIN;commune;commune;1;830050000F0484;a7518e3b-6250-46e5-a965-a27f86513167;fd1cc111-df4e-4a18-b20d-fba340363e1a;013c44f8-93d3-4849-9207-bd15d000af88;add
83005_mm3h5r_00011;;11;;Chemin des Planets;83630;83005;Artignosc-sur-Verdon;;;949120.1;6294456.7;6.090805;43.705255;entrée;;;ARTIGNOSC SUR VERDON;CHEMIN DES PLANETS;commune;commune;1;830050000B0148;a75bef69-553b-4f41-a632-a2c10ab85c92;a5934718-0f9f-4b66-bda3-99d7ba3e9228;013c44f8-93d3-4849-9207-bd15d000af88;add
83005_u7lhlz_00025;;25;;Chemin des Bouissets;83630;83005;Artignosc-sur-Verdon;;;949111.57;6294565.36;6.090752;43.706235;entrée;;;ARTIGNOSC SUR VERDON;CHEMIN DES BOUISSETS;commune;commune;1;830050000F0200;a855bc88-0819-411b-bc86-63facb945c59;0f684111-de5c-4dd1-982d-df072be3ecc3;013c44f8-93d3-4849-9207-bd15d000af88;add
83005_4owzij_00002;;2;;Passage de Cubert;83630;83005;Artignosc-sur-Verdon;;;949081.18;6294197.93;6.090197;43.702942;entrée;;;ARTIGNOSC SUR VERDON;PASSAGE DE CUBERT;commune;commune;1;830050000F0474;a87b741c-437b-4b9e-b97a-2bc767f7a2a6;a8c965f5-6d4e-48eb-ba53-1876302c648e;013c44f8-93d3-4849-9207-bd15d000af88;exist
83005_ej29y1_00056;;56;;Chemin du Bridon;83630;83005;Artignosc-sur-Verdon;;;950595.61;6294267.2;6.109;43.70303;entrée;;;ARTIGNOSC SUR VERDON;CHEMIN DU BRIDON;commune;commune;1;830050000B0509;a9604b3f-b4b4-4d82-8715-c062c660affe;6682f431-be3b-4a39-a62d-d936c6868d15;013c44f8-93d3-4849-9207-bd15d000af88;add
83005_fj8eu5_00007;;7;;Impasse du Hameau;83630;83005;Artignosc-sur-Verdon;;;949686.51;6294053.5;6.097629;43.70143;entrée;;;ARTIGNOSC SUR VERDON;IMPASSE DU HAMEAU;commune;commune;1;830050000C0466;aa54c7c8-cab5-4b9b-a35e-15d1ab5031fc;b226fc2b-9e5b-412b-b963-df5d31023330;013c44f8-93d3-4849-9207-bd15d000af88;add
83005_xwkkmg_00067;;67;;Route du Lac;83630;83005;Artignosc-sur-Verdon;;;949108.61;6294379.29;6.090625;43.704563;entrée;;;ARTIGNOSC SUR VERDON;ROUTE DU LAC;commune;commune;1;830050000B0510;aafde8cc-0932-4e52-97bf-0c2f45d6fea6;5a4c675b-7777-48ac-8574-26e2beb89110;013c44f8-93d3-4849-9207-bd15d000af88;add
83005_6pohki_00022;;22;;Impasse de l’Aspe;83630;83005;Artignosc-sur-Verdon;;;949672.93;6295332.64;6.098083;43.712936;entrée;;;ARTIGNOSC SUR VERDON;IMPASSE DE L ASPE;commune;commune;1;830050000A0459;ab755c21-3d63-4882-8aef-a8015753c4da;1d96c10d-8ded-4101-9d5c-9c805f213680;013c44f8-93d3-4849-9207-bd15d000af88;add
83005_mm3h5r_00346;;346;;Chemin des Planets;83630;83005;Artignosc-sur-Verdon;;;949224.92;6294549.22;6.092149;43.70605;entrée;;;ARTIGNOSC SUR VERDON;CHEMIN DES PLANETS;commune;commune;1;830050000B0424;ac1a729a-4dbc-465f-9b44-8c37c4d67a84;a5934718-0f9f-4b66-bda3-99d7ba3e9228;013c44f8-93d3-4849-9207-bd15d000af88;add
83005_0090_00007;83005_0090;7;;Rue des Muletières;83630;83005;Artignosc-sur-Verdon;;;949169.04;6294220.83;6.091297;43.703117;entrée;;;ARTIGNOSC SUR VERDON;RUE DES MULETIERES;commune;commune;1;830050000F0347;ac5589d8-44a3-4f74-9972-b645e2bfb8ec;2a278aa4-9b56-4b93-846a-4d6b843a78b8;013c44f8-93d3-4849-9207-bd15d000af88;add
83005_0j3isg_00087;;87;;Chemin des Bardelieres;83630;83005;Artignosc-sur-Verdon;;;948864.47;6294414.22;6.087616;43.704963;entrée;;;ARTIGNOSC SUR VERDON;CHEMIN DES BARDELIERES;commune;commune;1;830050000F0764;ac7819b8-0e45-44de-84b6-1f510438940d;3ab723c0-a906-485c-b666-335b62e31380;013c44f8-93d3-4849-9207-bd15d000af88;add
83005_0115_00009;83005_0115;9;;Chemin de sous Ville;83630;83005;Artignosc-sur-Verdon;;;949054.73;6294127.49;6.089835;43.702318;entrée;;;ARTIGNOSC SUR VERDON;CHEMIN DE SOUS VILLE;commune;commune;1;830050000F0804;acc5c45f-75c8-4da4-9e86-1f327edee4f8;f8052e8b-5000-4cb6-94c1-d433717ae74d;013c44f8-93d3-4849-9207-bd15d000af88;add
83005_mm3h5r_00236;;236;;Chemin des Planets;83630;83005;Artignosc-sur-Verdon;;;949286.33;6294528.28;6.0929;43.70584;entrée;;;ARTIGNOSC SUR VERDON;CHEMIN DES PLANETS;commune;commune;1;830050000B0424;acf297d6-a9e4-41b4-b42b-68ed97450825;a5934718-0f9f-4b66-bda3-99d7ba3e9228;013c44f8-93d3-4849-9207-bd15d000af88;add
83005_xddfex_00238;;238;;Ancien chemin de Riez;83630;83005;Artignosc-sur-Verdon;;;948938.02;6294382.06;6.088512;43.704648;entrée;;;ARTIGNOSC SUR VERDON;ANCIEN CHEMIN DE RIEZ;commune;commune;1;830050000F0244;ad211027-4586-4df8-9b56-3596aa085b69;205533f6-3586-46d7-9d2b-7f6d12033b1e;013c44f8-93d3-4849-9207-bd15d000af88;exist
83005_i1b0ex_00209;;209;;Route d’Aups;83630;83005;Artignosc-sur-Verdon;;;949418.99;6294202.6;6.094386;43.702865;entrée;;;ARTIGNOSC SUR VERDON;ROUTE D AUPS;commune;commune;1;830050000C0304;ae3ae5d3-92fc-4be9-856e-a88affcea71b;e1480221-5fe9-4495-b72a-06f03c89060f;013c44f8-93d3-4849-9207-bd15d000af88;add
83005_aucuy6_00077;;77;;Chemin de Gaudissard;83630;83005;Artignosc-sur-Verdon;;;950908.86;6294160.2;6.11283;43.701957;entrée;;;ARTIGNOSC SUR VERDON;CHEMIN DE GAUDISSARD;commune;commune;1;830050000B0443;af683715-6152-4052-8415-5edd069d84e2;750a304b-0529-4afd-8554-51cb08eafade;013c44f8-93d3-4849-9207-bd15d000af88;add
83005_0j3isg_00465;;465;;Chemin des Bardelieres;83630;83005;Artignosc-sur-Verdon;;;948568.94;6294595.74;6.084041;43.706699;entrée;;;ARTIGNOSC SUR VERDON;CHEMIN DES BARDELIERES;commune;commune;1;830050000F0037;afb94d3f-7179-45f9-a76b-2523bbd3513e;3ab723c0-a906-485c-b666-335b62e31380;013c44f8-93d3-4849-9207-bd15d000af88;add
83005_xwkkmg_00160;;160;;Route du Lac;83630;83005;Artignosc-sur-Verdon;;;949144.02;6294507.46;6.091126;43.705703;entrée;;;ARTIGNOSC SUR VERDON;ROUTE DU LAC;commune;commune;1;830050000B0150;afc0030a-fb23-416e-8482-652d14a4a463;5a4c675b-7777-48ac-8574-26e2beb89110;013c44f8-93d3-4849-9207-bd15d000af88;add
83005_ej29y1_00143;;143;;Chemin du Bridon;83630;83005;Artignosc-sur-Verdon;;;950600.21;6294365.36;6.109105;43.703911;entrée;;;ARTIGNOSC SUR VERDON;CHEMIN DU BRIDON;commune;commune;1;830050000B0582;b02a7d2d-e58f-4f88-ae37-baaaf72733a7;6682f431-be3b-4a39-a62d-d936c6868d15;013c44f8-93d3-4849-9207-bd15d000af88;add
83005_8hg1ro_00420;;420;;Impasse de la Coste;83630;83005;Artignosc-sur-Verdon;;;949403;6294056.95;6.094117;43.701561;entrée;;;ARTIGNOSC SUR VERDON;IMPASSE DE LA COSTE;commune;commune;1;830050000C0151;b190c210-90de-497c-800b-96d3526ab58f;1f25d772-664e-4c68-a7dd-f0035b7e1980;013c44f8-93d3-4849-9207-bd15d000af88;add
83005_mm3h5r_00162;;162;;Chemin des Planets;83630;83005;Artignosc-sur-Verdon;;;949232.67;6294512.05;6.092227;43.705713;entrée;;;ARTIGNOSC SUR VERDON;CHEMIN DES PLANETS;commune;commune;1;830050000B0424;b1b7ef84-dcc6-4acc-84a7-6ca6ae3e3a1f;a5934718-0f9f-4b66-bda3-99d7ba3e9228;013c44f8-93d3-4849-9207-bd15d000af88;add
83005_bvs0q2_00424;;424;;Chemin des Pres;83630;83005;Artignosc-sur-Verdon;;;948749.02;6294397.58;6.086177;43.704854;entrée;;;ARTIGNOSC SUR VERDON;CHEMIN DES PRES;commune;commune;1;830050000F0837;b20cdc38-8669-46bc-9313-5f6e1e0b29e8;81749667-138a-47f4-bbae-36d0cac6f291;013c44f8-93d3-4849-9207-bd15d000af88;add
83005_0005_00014;83005_0005;14;;Rue des Aires;83630;83005;Artignosc-sur-Verdon;;;948996.48;6294350.1;6.089221;43.70434;entrée;;;ARTIGNOSC SUR VERDON;RUE DES AIRES;commune;commune;1;830050000F0803;b24e6a51-5bb9-4001-ac2f-be2b094843ee;271cb933-fffc-4e3e-8493-af19d33a977a;013c44f8-93d3-4849-9207-bd15d000af88;add
83005_0070_00022;83005_0070;22;;Grand Rue;83630;83005;Artignosc-sur-Verdon;;;949046.53;6294155.65;6.089747;43.702574;entrée;;;ARTIGNOSC SUR VERDON;GRAND RUE;commune;commune;1;830050000F0436;b3d0e2e5-08b3-47b7-81f8-c9f012bf5a76;ed38b39d-f7cb-4f21-acaa-d478e98b2f0e;013c44f8-93d3-4849-9207-bd15d000af88;add
83005_0055_00419;83005_0055;419;;Chemin des Fourches;83630;83005;Artignosc-sur-Verdon;;;948797.83;6294828.68;6.086991;43.708713;entrée;;;ARTIGNOSC SUR VERDON;CHEMIN DES FOURCHES;commune;commune;1;830050000F0263;b3d35e89-de2a-4181-963b-a7dc634fc2bc;b7631944-776b-4c32-b534-8b069d26cea8;013c44f8-93d3-4849-9207-bd15d000af88;add
83005_aucuy6_00066;;66;;Chemin de Gaudissard;83630;83005;Artignosc-sur-Verdon;;;950917.38;6294138.41;6.112925;43.701758;entrée;;;ARTIGNOSC SUR VERDON;CHEMIN DE GAUDISSARD;commune;commune;1;830050000B0245;b3f25d58-4d8c-44ea-82b3-057718dc5b86;750a304b-0529-4afd-8554-51cb08eafade;013c44f8-93d3-4849-9207-bd15d000af88;add
83005_0050_00008;83005_0050;8;;Rue du Four;83630;83005;Artignosc-sur-Verdon;;;949050.92;6294175.28;6.089811;43.702749;entrée;;;ARTIGNOSC SUR VERDON;RUE DU FOUR;commune;commune;1;830050000F0491;b42bd38b-fc45-461e-842e-57e0cfc7f805;fc753472-2eac-4dda-ad8d-aa55181417fd;013c44f8-93d3-4849-9207-bd15d000af88;add
83005_idi39m_00224;;224;;Impasse des Adrets;83630;83005;Artignosc-sur-Verdon;;;949685.04;6294093.15;6.09763;43.701787;entrée;;;ARTIGNOSC SUR VERDON;IMPASSE DES ADRETS;commune;commune;1;830050000C0459;b503689c-0485-4910-b25c-56f8de48fb0c;ac19e336-95e8-4fd0-ba17-82ee5173fc58;013c44f8-93d3-4849-9207-bd15d000af88;exist
83005_idi39m_00113;;113;;Impasse des Adrets;83630;83005;Artignosc-sur-Verdon;;;949740.15;6294031.47;6.098283;43.701213;entrée;;;ARTIGNOSC SUR VERDON;IMPASSE DES ADRETS;commune;commune;1;830050000C0387;b5250fb3-d727-40e6-8b18-e13e38719073;ac19e336-95e8-4fd0-ba17-82ee5173fc58;013c44f8-93d3-4849-9207-bd15d000af88;add
83005_idi39m_00160;;160;;Impasse des Adrets;83630;83005;Artignosc-sur-Verdon;;;949757.88;6294068.87;6.098521;43.701543;entrée;;;ARTIGNOSC SUR VERDON;IMPASSE DES ADRETS;commune;commune;1;830050000C0440;b6b276ba-fb5a-4d5b-8aa6-8b7cb57b2234;ac19e336-95e8-4fd0-ba17-82ee5173fc58;013c44f8-93d3-4849-9207-bd15d000af88;add
83005_0005_00013;83005_0005;13;;Rue des Aires;83630;83005;Artignosc-sur-Verdon;;;949004.06;6294331.6;6.089306;43.704171;entrée;;;ARTIGNOSC SUR VERDON;RUE DES AIRES;commune;commune;1;830050000F0545;b6c1824a-36ac-4abc-888b-61fed9b0748b;271cb933-fffc-4e3e-8493-af19d33a977a;013c44f8-93d3-4849-9207-bd15d000af88;add
83005_idi39m_00248;;248;;Impasse des Adrets;83630;83005;Artignosc-sur-Verdon;;;949673.13;6294092.12;6.097482;43.701782;entrée;;;ARTIGNOSC SUR VERDON;IMPASSE DES ADRETS;commune;commune;1;830050000C0458;b7ffeb03-d056-46e9-b268-f6fe7c60da18;ac19e336-95e8-4fd0-ba17-82ee5173fc58;013c44f8-93d3-4849-9207-bd15d000af88;exist
83005_7xgw97_00170;;170;;Impasse du Noyer;83630;83005;Artignosc-sur-Verdon;;;948933.88;6294525.04;6.08853;43.705935;entrée;;;ARTIGNOSC SUR VERDON;IMPASSE DU NOYER;commune;commune;1;830050000F0877;b93aaf09-33a4-46ec-9219-124d2238df06;69510c0d-b2e6-4ed6-8417-b9246e7e83d2;013c44f8-93d3-4849-9207-bd15d000af88;add
83005_rv734b_00898;;898;;Chemin de Fontayne;83630;83005;Artignosc-sur-Verdon;;;950032.17;6294020.92;6.101897;43.701015;entrée;;;ARTIGNOSC SUR VERDON;CHEMIN DE FONTAYNE;commune;commune;1;830050000C0552;ba088f21-dd37-48b8-9aa8-6e91dd93bd1e;a49af9fa-f06f-41ca-bc63-5b28749d268f;013c44f8-93d3-4849-9207-bd15d000af88;exist
83005_xddfex_00026;;26;;Ancien chemin de Riez;83630;83005;Artignosc-sur-Verdon;;;949072.73;6294521.02;6.090249;43.70585;entrée;;;ARTIGNOSC SUR VERDON;ANCIEN CHEMIN DE RIEZ;commune;commune;1;830050000F0231;bac50a0c-0675-43f5-bf0a-7f309e7b518d;205533f6-3586-46d7-9d2b-7f6d12033b1e;013c44f8-93d3-4849-9207-bd15d000af88;exist
83005_0j3isg_00004;;4;;Chemin des Bardelieres;83630;83005;Artignosc-sur-Verdon;;;948931.98;6294369.37;6.088431;43.704536;entrée;;;ARTIGNOSC SUR VERDON;CHEMIN DES BARDELIERES;commune;commune;1;830050000F0246;badcbbd3-45d7-477a-9735-03fa63aba492;3ab723c0-a906-485c-b666-335b62e31380;013c44f8-93d3-4849-9207-bd15d000af88;add
83005_u7lhlz_00490;;490;;Chemin des Bouissets;83630;83005;Artignosc-sur-Verdon;;;949056.87;6295010.53;6.09029;43.710257;entrée;;;ARTIGNOSC SUR VERDON;CHEMIN DES BOUISSETS;commune;commune;1;830050000F0805;bbbddcbc-a32a-4948-98e5-d276cf29ccaa;0f684111-de5c-4dd1-982d-df072be3ecc3;013c44f8-93d3-4849-9207-bd15d000af88;add
83005_ye3pd7_00041;;41;;Impasse de Sainte Trinite;83630;83005;Artignosc-sur-Verdon;;;949606.59;6294122.43;6.096672;43.702078;entrée;;;ARTIGNOSC SUR VERDON;IMPASSE DE SAINTE TRINITE;commune;commune;1;830050000C0415;bcc908d3-cb2d-46aa-81fe-e2cd2270a51c;2d565402-1602-4a3d-872b-f12d354fe887;013c44f8-93d3-4849-9207-bd15d000af88;add
83005_0075_00004;83005_0075;4;;Impasse des Jardins;83630;83005;Artignosc-sur-Verdon;;;949066.68;6294143.87;6.089991;43.702461;entrée;;;ARTIGNOSC SUR VERDON;IMPASSE DES JARDINS;commune;commune;1;830050000F0804;bdf8dffc-f74e-4b06-b3e2-09abef475a70;0a9bf961-c659-4dd6-8d88-65f939e9735e;013c44f8-93d3-4849-9207-bd15d000af88;add
83005_0050_00005;83005_0050;5;;Rue du Four;83630;83005;Artignosc-sur-Verdon;;;949070.95;6294174.84;6.090059;43.702738;entrée;;;ARTIGNOSC SUR VERDON;RUE DU FOUR;commune;commune;1;830050000F0644;bee5b21b-303d-4625-bf51-41898cdbc011;fc753472-2eac-4dda-ad8d-aa55181417fd;013c44f8-93d3-4849-9207-bd15d000af88;add
83005_6tgwk7_00001;;1;;Rue du Puits Neuf;83630;83005;Artignosc-sur-Verdon;;;949098.98;6294233.88;6.090435;43.703259;entrée;;;ARTIGNOSC SUR VERDON;RUE DU PUITS NEUF;commune;commune;1;830050000F0462;bf160245-f10a-4144-93be-57d2df3599a0;6abcce4b-bd19-4cf7-ab5c-53c3e98c46c6;013c44f8-93d3-4849-9207-bd15d000af88;add
83005_0070_00039;83005_0070;39;;Grand Rue;83630;83005;Artignosc-sur-Verdon;;;949017.6;6294156.63;6.089389;43.702593;entrée;;;ARTIGNOSC SUR VERDON;GRAND RUE;commune;commune;1;830050000F0449;bf1636de-55b0-4e72-9aef-6ea5fa2c2985;ed38b39d-f7cb-4f21-acaa-d478e98b2f0e;013c44f8-93d3-4849-9207-bd15d000af88;exist
83005_0005_00007;83005_0005;7;;Rue des Aires;83630;83005;Artignosc-sur-Verdon;;;949037.22;6294329.56;6.089716;43.704141;entrée;;;ARTIGNOSC SUR VERDON;RUE DES AIRES;commune;commune;1;830050000F0539;c038520b-3739-452a-8221-9c8078fe2479;271cb933-fffc-4e3e-8493-af19d33a977a;013c44f8-93d3-4849-9207-bd15d000af88;add
83005_xddfex_00087_h;;87;h;Ancien chemin de Riez;83630;83005;Artignosc-sur-Verdon;;;949065.06;6294481.9;6.090135;43.705501;entrée;;;ARTIGNOSC SUR VERDON;ANCIEN CHEMIN DE RIEZ;commune;commune;1;830050000B0593;c03d7197-c5c8-4ac4-9c04-72dd8be7cbb6;205533f6-3586-46d7-9d2b-7f6d12033b1e;013c44f8-93d3-4849-9207-bd15d000af88;exist
83005_wh1xb7_00719;;719;;Chemin de la Moure;83630;83005;Artignosc-sur-Verdon;;;951607.15;6294092.47;6.121451;43.7011;entrée;;;ARTIGNOSC SUR VERDON;CHEMIN DE LA MOURE;commune;commune;1;830050000B0256;c101cce8-881f-489e-b295-f300d8b65cb9;32f404b6-4538-425f-8bad-05c7f2af4e00;013c44f8-93d3-4849-9207-bd15d000af88;add
83005_0070_00025;83005_0070;25;;Grand Rue;83630;83005;Artignosc-sur-Verdon;;;949065.79;6294160.4;6.089988;43.70261;entrée;;;ARTIGNOSC SUR VERDON;GRAND RUE;commune;commune;1;;c2a1536c-69a8-4221-a475-d9fad04cc379;ed38b39d-f7cb-4f21-acaa-d478e98b2f0e;013c44f8-93d3-4849-9207-bd15d000af88;missing
83005_idi39m_00088;;88;;Impasse des Adrets;83630;83005;Artignosc-sur-Verdon;;;949711.22;6294024.33;6.097921;43.701159;entrée;;;ARTIGNOSC SUR VERDON;IMPASSE DES ADRETS;commune;commune;1;830050000C0388;c2c82cd8-5b3f-468e-a54a-14cd09cd3bb2;ac19e336-95e8-4fd0-ba17-82ee5173fc58;013c44f8-93d3-4849-9207-bd15d000af88;add
83005_9wch20_01065;;1065;;Chemin de Terrisse;83630;83005;Artignosc-sur-Verdon;;;950897.67;6294112.38;6.112668;43.701531;entrée;;;ARTIGNOSC SUR VERDON;CHEMIN DE TERRISSE;commune;commune;1;830050000B0214;c349962e-a44e-47ea-a018-6fe0db5e13e1;7a486df9-08cf-43db-86ee-bd4befaae7f0;013c44f8-93d3-4849-9207-bd15d000af88;exist
83005_0020_00011;83005_0020;11;;Rue du Bassin;83630;83005;Artignosc-sur-Verdon;;;949034.94;6294181.55;6.089616;43.702811;entrée;;;ARTIGNOSC SUR VERDON;RUE DU BASSIN;commune;commune;1;830050000F0489;c3a398da-0fec-4f93-b580-ea83bdeef43c;fd1cc111-df4e-4a18-b20d-fba340363e1a;013c44f8-93d3-4849-9207-bd15d000af88;add
83005_0090_00002;83005_0090;2;;Rue des Muletières;83630;83005;Artignosc-sur-Verdon;;;949127.62;6294205.09;6.090776;43.70299;entrée;;;ARTIGNOSC SUR VERDON;RUE DES MULETIERES;commune;commune;1;;c49b59c3-8573-4049-b1a0-cada7330b82c;2a278aa4-9b56-4b93-846a-4d6b843a78b8;013c44f8-93d3-4849-9207-bd15d000af88;missing
83005_i1b0ex_00555;;555;;Route d’Aups;83630;83005;Artignosc-sur-Verdon;;;949639.6;6294019.29;6.097031;43.701139;entrée;;;ARTIGNOSC SUR VERDON;ROUTE D AUPS;commune;commune;1;830050000C0467;c4b96469-7581-47d2-8c45-e3ea87c649cd;e1480221-5fe9-4495-b72a-06f03c89060f;013c44f8-93d3-4849-9207-bd15d000af88;add
83005_i1b0ex_00795;;795;;Route d’Aups;83630;83005;Artignosc-sur-Verdon;;;949924.46;6293965.19;6.100535;43.700552;entrée;;;ARTIGNOSC SUR VERDON;ROUTE D AUPS;commune;commune;1;830050000C0513;c574b3b8-c9d0-4175-bec1-11b93ac0e5e9;e1480221-5fe9-4495-b72a-06f03c89060f;013c44f8-93d3-4849-9207-bd15d000af88;add
83005_f10vhp_00012;;12;;Descente des Berges de Treburet;83630;83005;Artignosc-sur-Verdon;;;949117.79;6294165.66;6.090635;43.702639;entrée;;;ARTIGNOSC SUR VERDON;DESCENTE DES BERGES DE TREBURET;commune;commune;1;830050000F0741;c64916e8-297b-4799-9644-d541a4cb21d7;661b9f17-3a8c-485c-ac61-3d121db5abfa;013c44f8-93d3-4849-9207-bd15d000af88;add
83005_6uq6o4_00027;;27;;Chemin de Baudinard;83630;83005;Artignosc-sur-Verdon;;;949231.71;6294266.66;6.092096;43.703507;entrée;;;ARTIGNOSC SUR VERDON;CHEMIN DE BAUDINARD;commune;commune;1;830050000B0392;c65fd4b8-259a-4560-a92b-c52bccfc04f1;b7074437-8e22-4eda-a787-7ebd5681703a;013c44f8-93d3-4849-9207-bd15d000af88;exist
83005_0020_00012;83005_0020;12;;Rue du Bassin;83630;83005;Artignosc-sur-Verdon;;;949029.91;6294190.7;6.089558;43.702895;entrée;;;ARTIGNOSC SUR VERDON;RUE DU BASSIN;commune;commune;1;830050000F0455;c6688d9d-6dc4-4c6f-b712-bab6cc0de7fa;fd1cc111-df4e-4a18-b20d-fba340363e1a;013c44f8-93d3-4849-9207-bd15d000af88;add
83005_xwkkmg_00478;;478;;Route du Lac;83630;83005;Artignosc-sur-Verdon;;;948946.34;6294748.74;6.088793;43.707942;entrée;;;ARTIGNOSC SUR VERDON;ROUTE DU LAC;commune;commune;1;830050000F0207;c669c001-520d-41dd-b91e-8e607894c37d;5a4c675b-7777-48ac-8574-26e2beb89110;013c44f8-93d3-4849-9207-bd15d000af88;add
83005_8x7xbv_00924;;924;;Chemin de Fontblanche;83630;83005;Artignosc-sur-Verdon;;;949651.86;6295291.88;6.097802;43.712577;entrée;;;ARTIGNOSC SUR VERDON;CHEMIN DE FONTBLANCHE;commune;commune;1;830050000A0458;c6b8447c-4b13-4372-8c1d-0848c71e5609;9b01af01-470e-4171-9e65-e346b9f62d7f;013c44f8-93d3-4849-9207-bd15d000af88;add
83005_i1b0ex_00580;;580;;Route d’Aups;83630;83005;Artignosc-sur-Verdon;;;949645.27;6294004.5;6.097094;43.701004;entrée;;;ARTIGNOSC SUR VERDON;ROUTE D AUPS;commune;commune;1;830050000C0123;c6e2d31b-1b7a-4c6b-aa86-24a3be577e04;e1480221-5fe9-4495-b72a-06f03c89060f;013c44f8-93d3-4849-9207-bd15d000af88;add
83005_0070_00033;83005_0070;33;;Grand Rue;83630;83005;Artignosc-sur-Verdon;;;949044.5;6294149.67;6.089719;43.702521;entrée;;;ARTIGNOSC SUR VERDON;GRAND RUE;commune;commune;1;;c732c788-75dc-41c8-abdb-f792dd6d7f67;ed38b39d-f7cb-4f21-acaa-d478e98b2f0e;013c44f8-93d3-4849-9207-bd15d000af88;missing
83005_0115_00011;83005_0115;11;;Chemin de sous Ville;83630;83005;Artignosc-sur-Verdon;;;949064.89;6294127.67;6.089961;43.702316;entrée;;;ARTIGNOSC SUR VERDON;CHEMIN DE SOUS VILLE;commune;commune;1;830050000F0804;c82cc869-8bcc-461b-8524-8968876e2b3d;f8052e8b-5000-4cb6-94c1-d433717ae74d;013c44f8-93d3-4849-9207-bd15d000af88;add
83005_wh1xb7_00001;;1;;Chemin de la Moure;83630;83005;Artignosc-sur-Verdon;;;950909.4;6294083.04;6.112799;43.701263;entrée;;;ARTIGNOSC SUR VERDON;CHEMIN DE LA MOURE;commune;commune;1;830050000B0469;c8517a6b-83ee-4534-a410-3cf224bece53;32f404b6-4538-425f-8bad-05c7f2af4e00;013c44f8-93d3-4849-9207-bd15d000af88;add
83005_ye3pd7_00051;;51;;Impasse de Sainte Trinite;83630;83005;Artignosc-sur-Verdon;;;949592.26;6294109.3;6.096488;43.701965;entrée;;;ARTIGNOSC SUR VERDON;IMPASSE DE SAINTE TRINITE;commune;commune;1;830050000C0476;c915cf47-9e8a-46a6-a338-c10cc6ac4c51;2d565402-1602-4a3d-872b-f12d354fe887;013c44f8-93d3-4849-9207-bd15d000af88;add
83005_8hg1ro_00199;;199;;Impasse de la Coste;83630;83005;Artignosc-sur-Verdon;;;949582.12;6293960.43;6.09629;43.70063;entrée;;;ARTIGNOSC SUR VERDON;IMPASSE DE LA COSTE;commune;commune;1;830050000C0480;c9b7bbe0-2d94-4b6c-a928-d59ab4ece2d2;1f25d772-664e-4c68-a7dd-f0035b7e1980;013c44f8-93d3-4849-9207-bd15d000af88;add
83005_0005_00008;83005_0005;8;;Rue des Aires;83630;83005;Artignosc-sur-Verdon;;;949061.4;6294334.29;6.090018;43.704175;entrée;;;ARTIGNOSC SUR VERDON;RUE DES AIRES;commune;commune;1;830050000F0324;ca77a6fc-669c-44b9-906b-a39f249d0dd4;271cb933-fffc-4e3e-8493-af19d33a977a;013c44f8-93d3-4849-9207-bd15d000af88;add
83005_6tgwk7_00004;;4;;Rue du Puits Neuf;83630;83005;Artignosc-sur-Verdon;;;949066.3;6294233.94;6.09003;43.703271;entrée;;;ARTIGNOSC SUR VERDON;RUE DU PUITS NEUF;commune;commune;1;830050000F0791;caf0fc0f-a5c0-40e6-a218-6f9adb4193ef;6abcce4b-bd19-4cf7-ab5c-53c3e98c46c6;013c44f8-93d3-4849-9207-bd15d000af88;add
83005_u7lhlz_00427;;427;;Chemin des Bouissets;83630;83005;Artignosc-sur-Verdon;;;949068.86;6294955.51;6.090412;43.709758;entrée;;;ARTIGNOSC SUR VERDON;CHEMIN DES BOUISSETS;commune;commune;1;830050000F0696;cb1369c3-00db-4504-a621-9e8379e9ab66;0f684111-de5c-4dd1-982d-df072be3ecc3;013c44f8-93d3-4849-9207-bd15d000af88;add
83005_cjyclj_00739;;739;;Chemin de l’Eouviere;83630;83005;Artignosc-sur-Verdon;;;949131.33;6296279.1;6.091829;43.721637;entrée;;;ARTIGNOSC SUR VERDON;CHEMIN DE L EOUVIERE;commune;commune;1;830050000A0164;cbc9a7cb-1fa5-4e60-8421-4b05e392dbf7;68aa84c5-0d39-4359-ae25-9be8103c037c;013c44f8-93d3-4849-9207-bd15d000af88;add
83005_r1zq5l_01423;;1423;;Chemin de Pampelone;83630;83005;Artignosc-sur-Verdon;;;952215.51;6292668.58;6.128291;43.688081;entrée;;;ARTIGNOSC SUR VERDON;CHEMIN DE PAMPELONE;commune;commune;1;830050000D0067;cbf3e4fd-48f5-4e2d-b6ef-0eec5064831d;5b95bbf6-3971-4479-aed2-884712269dc7;013c44f8-93d3-4849-9207-bd15d000af88;add
83005_0070_00006;83005_0070;6;;Grand Rue;83630;83005;Artignosc-sur-Verdon;;;949093.31;6294178.72;6.090338;43.702765;entrée;;;ARTIGNOSC SUR VERDON;GRAND RUE;commune;commune;1;830050000F0498;cc219fff-46c4-4adb-b3ce-84b2cfbfe1a8;ed38b39d-f7cb-4f21-acaa-d478e98b2f0e;013c44f8-93d3-4849-9207-bd15d000af88;exist
83005_0005_00003;83005_0005;3;;Rue des Aires;83630;83005;Artignosc-sur-Verdon;;;949089.16;6294321.92;6.090356;43.704054;entrée;;;ARTIGNOSC SUR VERDON;RUE DES AIRES;commune;commune;1;830050000F0861;cc2dd482-e2ab-4595-af2a-06eac17d54a7;271cb933-fffc-4e3e-8493-af19d33a977a;013c44f8-93d3-4849-9207-bd15d000af88;add
83005_ej29y1_00554;;554;;Chemin du Bridon;83630;83005;Artignosc-sur-Verdon;;;950731.79;6294249.09;6.110679;43.702819;entrée;;;ARTIGNOSC SUR VERDON;CHEMIN DU BRIDON;commune;commune;1;830050000B0544;cc597838-dc06-4cd2-9548-fc8c4ca565d7;6682f431-be3b-4a39-a62d-d936c6868d15;013c44f8-93d3-4849-9207-bd15d000af88;add
83005_9wch20_00597;;597;;Chemin de Terrisse;83630;83005;Artignosc-sur-Verdon;;;950455.89;6294262.25;6.107266;43.703035;entrée;;;ARTIGNOSC SUR VERDON;CHEMIN DE TERRISSE;commune;commune;1;830050000B0526;cd6537dd-9da6-4c4f-a39c-6dae3d23b8c1;7a486df9-08cf-43db-86ee-bd4befaae7f0;013c44f8-93d3-4849-9207-bd15d000af88;exist
83005_0050_00014;83005_0050;14;;Rue du Four;83630;83005;Artignosc-sur-Verdon;;;949038.64;6294175.69;6.089659;43.702757;entrée;;;ARTIGNOSC SUR VERDON;RUE DU FOUR;commune;commune;1;830050000F0488;cd7ebfb8-427b-4c12-a075-ed9480a7aa4f;fc753472-2eac-4dda-ad8d-aa55181417fd;013c44f8-93d3-4849-9207-bd15d000af88;add
83005_0020_00009;83005_0020;9;;Rue du Bassin;83630;83005;Artignosc-sur-Verdon;;;949043.87;6294190.57;6.089731;43.702889;entrée;;;ARTIGNOSC SUR VERDON;RUE DU BASSIN;commune;commune;1;830050000F0485;cd880cfc-5c70-4cb6-85e0-f126d477a5cc;fd1cc111-df4e-4a18-b20d-fba340363e1a;013c44f8-93d3-4849-9207-bd15d000af88;add
83005_u7lhlz_00572;;572;;Chemin des Bouissets;83630;83005;Artignosc-sur-Verdon;;;949091.75;6295046.71;6.09074;43.71057;entrée;;;ARTIGNOSC SUR VERDON;CHEMIN DES BOUISSETS;commune;commune;1;830050000F0806;cda977ee-26f9-47cf-85ca-e447ad517f40;0f684111-de5c-4dd1-982d-df072be3ecc3;013c44f8-93d3-4849-9207-bd15d000af88;add
83005_0050_00010;83005_0050;10;;Rue du Four;83630;83005;Artignosc-sur-Verdon;;;949046.22;6294175.87;6.089753;43.702756;entrée;;;ARTIGNOSC SUR VERDON;RUE DU FOUR;commune;commune;1;830050000F0488;ce1031b4-8683-417b-b97e-7d1f2c1009ab;fc753472-2eac-4dda-ad8d-aa55181417fd;013c44f8-93d3-4849-9207-bd15d000af88;add
83005_8hg1ro_00075;;75;;Impasse de la Coste;83630;83005;Artignosc-sur-Verdon;;;949685.71;6293932.02;6.09756;43.700338;entrée;;;ARTIGNOSC SUR VERDON;IMPASSE DE LA COSTE;commune;commune;1;830050000C0128;cedd1b4f-99ad-48a5-90bc-5e117c2f4c36;1f25d772-664e-4c68-a7dd-f0035b7e1980;013c44f8-93d3-4849-9207-bd15d000af88;add
83005_0070_00032;83005_0070;32;;Grand Rue;83630;83005;Artignosc-sur-Verdon;;;949020.29;6294160.29;6.089424;43.702625;entrée;;;ARTIGNOSC SUR VERDON;GRAND RUE;commune;commune;1;;cf02699f-7094-48da-9ed7-7e96607b411a;ed38b39d-f7cb-4f21-acaa-d478e98b2f0e;013c44f8-93d3-4849-9207-bd15d000af88;missing
83005_0090_00014;83005_0090;14;;Rue des Muletières;83630;83005;Artignosc-sur-Verdon;;;949160.11;6294211.81;6.091182;43.703039;entrée;;;ARTIGNOSC SUR VERDON;RUE DES MULETIERES;commune;commune;1;;d07bdc33-2792-425f-9b89-ff1c2232c992;2a278aa4-9b56-4b93-846a-4d6b843a78b8;013c44f8-93d3-4849-9207-bd15d000af88;missing
83005_0065_00004;83005_0065;4;;Rue Grambois;83630;83005;Artignosc-sur-Verdon;;;949064.58;6294152.01;6.089969;43.702535;entrée;;;ARTIGNOSC SUR VERDON;RUE GRAMBOIS;commune;commune;1;;d1db50d8-1ee8-4364-baf0-e8cec406cea1;b5269a2f-8054-4d45-8988-9940e937226f;013c44f8-93d3-4849-9207-bd15d000af88;missing
83005_bvs0q2_00149;;149;;Chemin des Pres;83630;83005;Artignosc-sur-Verdon;;;948868.85;6294190.95;6.087562;43.702954;entrée;;;ARTIGNOSC SUR VERDON;CHEMIN DES PRES;commune;commune;1;830050000F0024;d2656062-18cb-4dbe-8700-5aa7bedb4477;81749667-138a-47f4-bbae-36d0cac6f291;013c44f8-93d3-4849-9207-bd15d000af88;exist
83005_xwkkmg_00604;;604;;Route du Lac;83630;83005;Artignosc-sur-Verdon;;;948886.58;6294851.17;6.088102;43.708884;entrée;;;ARTIGNOSC SUR VERDON;ROUTE DU LAC;commune;commune;1;830050000F0216;d28efe4e-e873-4eb4-8b35-5a3cdef097a7;5a4c675b-7777-48ac-8574-26e2beb89110;013c44f8-93d3-4849-9207-bd15d000af88;add
83005_0070_00003;83005_0070;3;;Grand Rue;83630;83005;Artignosc-sur-Verdon;;;949115.26;6294191.03;6.090616;43.702868;entrée;;;ARTIGNOSC SUR VERDON;GRAND RUE;commune;commune;1;;d2e39eb3-0ce2-4f16-b826-0a49f60a03b7;ed38b39d-f7cb-4f21-acaa-d478e98b2f0e;013c44f8-93d3-4849-9207-bd15d000af88;missing
83005_f10vhp_00005;;5;;Descente des Berges de Treburet;83630;83005;Artignosc-sur-Verdon;;;949197.95;6294144;6.091618;43.702416;entrée;;;ARTIGNOSC SUR VERDON;DESCENTE DES BERGES DE TREBURET;commune;commune;1;830050000C0450;d3e41f1d-4e66-44c5-ac4b-410040069877;661b9f17-3a8c-485c-ac61-3d121db5abfa;013c44f8-93d3-4849-9207-bd15d000af88;exist
83005_0025_00002;83005_0025;2;;Place du Bicentenaire;83630;83005;Artignosc-sur-Verdon;;;949075.45;6294412.24;6.09023;43.704871;entrée;;;ARTIGNOSC SUR VERDON;PLACE DU BICENTENAIRE;commune;commune;1;830050000B0501;d40d362f-9924-4804-8538-509ae91f94e8;5e347f18-2039-48a7-b691-0ee1cb91ec00;013c44f8-93d3-4849-9207-bd15d000af88;add
83005_rv734b_00356;;356;;Chemin de Fontayne;83630;83005;Artignosc-sur-Verdon;;;949536.89;6294159.07;6.095826;43.702432;entrée;;;ARTIGNOSC SUR VERDON;CHEMIN DE FONTAYNE;commune;commune;1;830050000C0017;d4472075-31af-438a-a75f-df9ddda7ad57;a49af9fa-f06f-41ca-bc63-5b28749d268f;013c44f8-93d3-4849-9207-bd15d000af88;add
83005_0065_00006;83005_0065;6;;Rue Grambois;83630;83005;Artignosc-sur-Verdon;;;949068.52;6294152.5;6.090018;43.702538;entrée;;;ARTIGNOSC SUR VERDON;RUE GRAMBOIS;commune;commune;1;;d497efd0-7b34-45b0-8b07-eee26598c096;b5269a2f-8054-4d45-8988-9940e937226f;013c44f8-93d3-4849-9207-bd15d000af88;missing
83005_idi39m_00097;;97;;Impasse des Adrets;83630;83005;Artignosc-sur-Verdon;;;949727.34;6294030.86;6.098124;43.701212;entrée;;;ARTIGNOSC SUR VERDON;IMPASSE DES ADRETS;commune;commune;1;830050000C0386;d4cc15e8-d2ea-4243-969a-0d0a7974ab21;ac19e336-95e8-4fd0-ba17-82ee5173fc58;013c44f8-93d3-4849-9207-bd15d000af88;add
83005_xwkkmg_01821;;1821;;Route du Lac;83630;83005;Artignosc-sur-Verdon;;;949043.37;6295347.1;6.090286;43.713288;entrée;;;ARTIGNOSC SUR VERDON;ROUTE DU LAC;commune;commune;1;830050000F0149;d4d050e8-155e-4bf7-92f9-b1d35ed6d028;5a4c675b-7777-48ac-8574-26e2beb89110;013c44f8-93d3-4849-9207-bd15d000af88;add
83005_0090_00012;83005_0090;12;;Rue des Muletières;83630;83005;Artignosc-sur-Verdon;;;949155.37;6294211.29;6.091123;43.703036;entrée;;;ARTIGNOSC SUR VERDON;RUE DES MULETIERES;commune;commune;1;;d5d28d47-c00b-4d41-85f8-61f72f06ae9d;2a278aa4-9b56-4b93-846a-4d6b843a78b8;013c44f8-93d3-4849-9207-bd15d000af88;missing
83005_i1b0ex_01811;;1811;;Route d’Aups;83630;83005;Artignosc-sur-Verdon;;;950047.59;6293234.43;6.101705;43.693938;entrée;;;ARTIGNOSC SUR VERDON;ROUTE D AUPS;commune;commune;1;830050000C0424;d5d732bd-56b1-4837-895b-83c171b32aa5;e1480221-5fe9-4495-b72a-06f03c89060f;013c44f8-93d3-4849-9207-bd15d000af88;add
83005_8hg1ro_00286;;286;;Impasse de la Coste;83630;83005;Artignosc-sur-Verdon;;;949501.69;6293957.83;6.095292;43.700635;entrée;;;ARTIGNOSC SUR VERDON;IMPASSE DE LA COSTE;commune;commune;1;830050000C0139|830050000C0146|830050000C0145;d5feef9a-b420-4163-af64-36edb89f54a6;1f25d772-664e-4c68-a7dd-f0035b7e1980;013c44f8-93d3-4849-9207-bd15d000af88;exist
83005_0070_00013;83005_0070;13;;Grand Rue;83630;83005;Artignosc-sur-Verdon;;;949104.64;6294175.83;6.090477;43.702735;entrée;;;ARTIGNOSC SUR VERDON;GRAND RUE;commune;commune;1;;d682a66d-e7c0-4c3a-8dbe-4788dd759257;ed38b39d-f7cb-4f21-acaa-d478e98b2f0e;013c44f8-93d3-4849-9207-bd15d000af88;missing
83005_0hj1b1_00018;;18;;Chemin des Grignolets;83630;83005;Artignosc-sur-Verdon;;;949599.48;6295224.77;6.09712;43.711992;entrée;;;ARTIGNOSC SUR VERDON;CHEMIN DES GRIGNOLETS;commune;commune;1;830050000A0093;d6ddc7ec-5459-4459-b586-e290a2eda348;3522942a-ff16-4412-8ce2-9134bae19aa9;013c44f8-93d3-4849-9207-bd15d000af88;add
83005_0065_00001;83005_0065;1;;Rue Grambois;83630;83005;Artignosc-sur-Verdon;;;949062.16;6294156.15;6.089941;43.702573;entrée;;;ARTIGNOSC SUR VERDON;RUE GRAMBOIS;commune;commune;1;830050000F0421;d6f932cb-e23f-4b9d-9744-5c7bdf5bc61f;b5269a2f-8054-4d45-8988-9940e937226f;013c44f8-93d3-4849-9207-bd15d000af88;add
83005_ej29y1_00382;;382;;Chemin du Bridon;83630;83005;Artignosc-sur-Verdon;;;950775.59;6294392.85;6.111292;43.704096;entrée;;;ARTIGNOSC SUR VERDON;CHEMIN DU BRIDON;commune;commune;1;830050000B0491;d7aeb172-19b2-4b36-bc30-377bbabd13eb;6682f431-be3b-4a39-a62d-d936c6868d15;013c44f8-93d3-4849-9207-bd15d000af88;add
83005_xwkkmg_00069;;69;;Route du Lac;83630;83005;Artignosc-sur-Verdon;;;949103.05;6294385.3;6.090559;43.704619;entrée;;;ARTIGNOSC SUR VERDON;ROUTE DU LAC;commune;commune;1;830050000B0510;d7d65f3d-c475-4ea3-bea5-a57a612727e9;5a4c675b-7777-48ac-8574-26e2beb89110;013c44f8-93d3-4849-9207-bd15d000af88;add
83005_0090_00028;83005_0090;28;;Rue des Muletières;83630;83005;Artignosc-sur-Verdon;;;949208.82;6294220.84;6.09179;43.703103;entrée;;;ARTIGNOSC SUR VERDON;RUE DES MULETIERES;commune;commune;1;;d8c3a1af-c0ca-4e74-9ef3-2c62a920b857;2a278aa4-9b56-4b93-846a-4d6b843a78b8;013c44f8-93d3-4849-9207-bd15d000af88;missing
83005_idi39m_00222;;222;;Impasse des Adrets;83630;83005;Artignosc-sur-Verdon;;;949702.42;6294088.04;6.097843;43.701735;entrée;;;ARTIGNOSC SUR VERDON;IMPASSE DES ADRETS;commune;commune;1;830050000C0405;d8cf2bcd-5f12-46f1-a2eb-c394caae52eb;ac19e336-95e8-4fd0-ba17-82ee5173fc58;013c44f8-93d3-4849-9207-bd15d000af88;exist
83005_0070_00034;83005_0070;34;;Grand Rue;83630;83005;Artignosc-sur-Verdon;;;949015.82;6294173.46;6.089375;43.702745;entrée;;;ARTIGNOSC SUR VERDON;GRAND RUE;commune;commune;1;830050000F0789;d903681d-39f2-4c02-8c09-ff0dcb66bae0;ed38b39d-f7cb-4f21-acaa-d478e98b2f0e;013c44f8-93d3-4849-9207-bd15d000af88;add
83005_0065_00014;83005_0065;14;;Rue Grambois;83630;83005;Artignosc-sur-Verdon;;;949099.58;6294156.61;6.090405;43.702564;entrée;;;ARTIGNOSC SUR VERDON;RUE GRAMBOIS;commune;commune;1;830050000F0702;d9e79233-424d-477c-bbe9-98455931713b;b5269a2f-8054-4d45-8988-9940e937226f;013c44f8-93d3-4849-9207-bd15d000af88;add
83005_0005_00006;83005_0005;6;;Rue des Aires;83630;83005;Artignosc-sur-Verdon;;;949068.39;6294333;6.090104;43.704161;entrée;;;ARTIGNOSC SUR VERDON;RUE DES AIRES;commune;commune;1;830050000F0329;d9f2bc74-356d-44f4-8f10-0757ec98b009;271cb933-fffc-4e3e-8493-af19d33a977a;013c44f8-93d3-4849-9207-bd15d000af88;add
83005_0065_00007;83005_0065;7;;Rue Grambois;83630;83005;Artignosc-sur-Verdon;;;949097.46;6294161.31;6.090381;43.702607;entrée;;;ARTIGNOSC SUR VERDON;RUE GRAMBOIS;commune;commune;1;830050000F0391;dafbe4cb-7a58-4409-ba09-6200d7e0fa12;b5269a2f-8054-4d45-8988-9940e937226f;013c44f8-93d3-4849-9207-bd15d000af88;add
83005_mm3h5r_00336;;336;;Chemin des Planets;83630;83005;Artignosc-sur-Verdon;;;949232.63;6294560.31;6.09225;43.706147;entrée;;;ARTIGNOSC SUR VERDON;CHEMIN DES PLANETS;commune;commune;1;830050000B0424;dbbee46c-1dcf-47c4-9153-1e13b0fcc32c;a5934718-0f9f-4b66-bda3-99d7ba3e9228;013c44f8-93d3-4849-9207-bd15d000af88;add
83005_d29eph_00095;;95;;Chemin du Terrain de Tennis;83630;83005;Artignosc-sur-Verdon;;;949169.28;6294597.76;6.091483;43.706506;entrée;;;ARTIGNOSC SUR VERDON;CHEMIN DU TERRAIN DE TENNIS;commune;commune;1;830050000B0522;dc03fa53-7598-4c35-b585-940c2ddba29a;a9610e40-7347-4cc1-934a-eb1a2f2d2c86;013c44f8-93d3-4849-9207-bd15d000af88;exist
83005_0070_00017;83005_0070;17;;Grand Rue;83630;83005;Artignosc-sur-Verdon;;;949096.57;6294173.73;6.090376;43.702719;entrée;;;ARTIGNOSC SUR VERDON;GRAND RUE;commune;commune;1;;dca8fc52-c341-40df-99b7-e26a92e9e6c6;ed38b39d-f7cb-4f21-acaa-d478e98b2f0e;013c44f8-93d3-4849-9207-bd15d000af88;missing
83005_0005_00016;83005_0005;16;;Rue des Aires;83630;83005;Artignosc-sur-Verdon;;;948973.5;6294343.41;6.088933;43.704288;entrée;;;ARTIGNOSC SUR VERDON;RUE DES AIRES;commune;commune;1;830050000F0803;dd1b6915-b86a-4429-9a7c-eded58345e4a;271cb933-fffc-4e3e-8493-af19d33a977a;013c44f8-93d3-4849-9207-bd15d000af88;add
83005_xddfex_00087;;87;;Ancien chemin de Riez;83630;83005;Artignosc-sur-Verdon;;;949046.37;6294485.29;6.089905;43.705538;entrée;;;ARTIGNOSC SUR VERDON;ANCIEN CHEMIN DE RIEZ;commune;commune;1;830050000B0143|830050000B0593;dd2197e6-a647-48db-87c7-4bf4524c9d7f;205533f6-3586-46d7-9d2b-7f6d12033b1e;013c44f8-93d3-4849-9207-bd15d000af88;exist
83005_d29eph_00011;;11;;Chemin du Terrain de Tennis;83630;83005;Artignosc-sur-Verdon;;;949117.65;6294546.25;6.090818;43.706061;entrée;;;ARTIGNOSC SUR VERDON;CHEMIN DU TERRAIN DE TENNIS;commune;commune;1;830050000B0523;ddf5f14a-6a3b-4045-93c1-c81326c8a218;a9610e40-7347-4cc1-934a-eb1a2f2d2c86;013c44f8-93d3-4849-9207-bd15d000af88;add
83005_0070_00012;83005_0070;12;;Grand Rue;83630;83005;Artignosc-sur-Verdon;;;949075.82;6294169.92;6.090117;43.702692;entrée;;;ARTIGNOSC SUR VERDON;GRAND RUE;commune;commune;1;830050000F0431;dec339aa-f56a-404c-96a1-b2a9bf2155c2;ed38b39d-f7cb-4f21-acaa-d478e98b2f0e;013c44f8-93d3-4849-9207-bd15d000af88;add
83005_0070_00004;83005_0070;4;;Grand Rue;83630;83005;Artignosc-sur-Verdon;;;949105.79;6294181.54;6.090494;43.702786;entrée;;;ARTIGNOSC SUR VERDON;GRAND RUE;commune;commune;1;830050000F0501;df973d26-7c60-49eb-b7f8-93a0f220a047;ed38b39d-f7cb-4f21-acaa-d478e98b2f0e;013c44f8-93d3-4849-9207-bd15d000af88;exist
83005_0050_00017;83005_0050;17;;Rue du Four;83630;83005;Artignosc-sur-Verdon;;;949032.14;6294172.88;6.089577;43.702734;entrée;;;ARTIGNOSC SUR VERDON;RUE DU FOUR;commune;commune;1;830050000F0439;e04007a0-62e9-46c8-b155-67a89154d583;fc753472-2eac-4dda-ad8d-aa55181417fd;013c44f8-93d3-4849-9207-bd15d000af88;add
83005_0070_00019;83005_0070;19;;Grand Rue;83630;83005;Artignosc-sur-Verdon;;;949085.57;6294168.41;6.090237;43.702675;entrée;;;ARTIGNOSC SUR VERDON;GRAND RUE;commune;commune;1;;e06ef4eb-727f-42c4-8708-bcd9460e5c2a;ed38b39d-f7cb-4f21-acaa-d478e98b2f0e;013c44f8-93d3-4849-9207-bd15d000af88;missing
83005_mm3h5r_00096;;96;;Chemin des Planets;83630;83005;Artignosc-sur-Verdon;;;949192.31;6294458.86;6.091701;43.705249;entrée;;;ARTIGNOSC SUR VERDON;CHEMIN DES PLANETS;commune;commune;1;830050000B0424;e07a9640-c36a-4cd3-9995-2aa008419188;a5934718-0f9f-4b66-bda3-99d7ba3e9228;013c44f8-93d3-4849-9207-bd15d000af88;add
83005_0j3isg_00218;;218;;Chemin des Bardelieres;83630;83005;Artignosc-sur-Verdon;;;948828.34;6294570.51;6.087244;43.706381;entrée;;;ARTIGNOSC SUR VERDON;CHEMIN DES BARDELIERES;commune;commune;1;830050000F0842;e0b7bacb-670a-42f1-a6f8-bf0f71565768;3ab723c0-a906-485c-b666-335b62e31380;013c44f8-93d3-4849-9207-bd15d000af88;add
83005_idi39m_00148;;148;;Impasse des Adrets;83630;83005;Artignosc-sur-Verdon;;;949764.54;6294051.45;6.098595;43.701384;entrée;;;ARTIGNOSC SUR VERDON;IMPASSE DES ADRETS;commune;commune;1;830050000C0442;e0e5e956-fef3-479e-b798-c10f10fce33e;ac19e336-95e8-4fd0-ba17-82ee5173fc58;013c44f8-93d3-4849-9207-bd15d000af88;add
83005_0055_00438;83005_0055;438;;Chemin des Fourches;83630;83005;Artignosc-sur-Verdon;;;948794.95;6294863.15;6.086972;43.709024;entrée;;;ARTIGNOSC SUR VERDON;CHEMIN DES FOURCHES;commune;commune;1;830050000F0220;e123e4a7-538e-42c9-93e3-b6ffbbe30baf;b7631944-776b-4c32-b534-8b069d26cea8;013c44f8-93d3-4849-9207-bd15d000af88;add
83005_xwkkmg_00370;;370;;Route du Lac;83630;83005;Artignosc-sur-Verdon;;;949016.33;6294667.29;6.089621;43.707185;entrée;;;ARTIGNOSC SUR VERDON;ROUTE DU LAC;commune;commune;1;830050000F0205;e1889473-4535-4ea5-8a53-50da13081e6d;5a4c675b-7777-48ac-8574-26e2beb89110;013c44f8-93d3-4849-9207-bd15d000af88;add
83005_34cm7a_00063;;63;;Impasse des Oliviers;83630;83005;Artignosc-sur-Verdon;;;948841.7;6294707.5;6.087476;43.707608;entrée;;;ARTIGNOSC SUR VERDON;IMPASSE DES OLIVIERS;commune;commune;1;830050000F0268;e3c094a0-27d2-419f-9308-ba186fb36b70;237d209e-f79a-48bb-a8ff-cdf95c84ac46;013c44f8-93d3-4849-9207-bd15d000af88;add
83005_rv734b_00168;;168;;Chemin de Fontayne;83630;83005;Artignosc-sur-Verdon;;;949397.96;6294259.5;6.094153;43.703384;entrée;;;ARTIGNOSC SUR VERDON;CHEMIN DE FONTAYNE;commune;commune;1;830050000C0293;e42a7909-6fbe-4a8f-9f18-fe1ae6993eac;a49af9fa-f06f-41ca-bc63-5b28749d268f;013c44f8-93d3-4849-9207-bd15d000af88;exist
83005_9wch20_00579;;579;;Chemin de Terrisse;83630;83005;Artignosc-sur-Verdon;;;950436.08;6294255.24;6.107017;43.702979;entrée;;;ARTIGNOSC SUR VERDON;CHEMIN DE TERRISSE;commune;commune;1;830050000B0197;e5e3228c-d3b9-455a-9f70-a8bda5b05eb2;7a486df9-08cf-43db-86ee-bd4befaae7f0;013c44f8-93d3-4849-9207-bd15d000af88;add
83005_9wch20_01202;;1202;;Chemin de Terrisse;83630;83005;Artignosc-sur-Verdon;;;950963.36;6293942.36;6.113399;43.699979;entrée;;;ARTIGNOSC SUR VERDON;CHEMIN DE TERRISSE;commune;commune;1;830050000B0295;e6159840-785e-411e-808d-e949799a3239;7a486df9-08cf-43db-86ee-bd4befaae7f0;013c44f8-93d3-4849-9207-bd15d000af88;exist
83005_0075_00003;83005_0075;3;;Impasse des Jardins;83630;83005;Artignosc-sur-Verdon;;;949072.69;6294142.88;6.090065;43.70245;entrée;;;ARTIGNOSC SUR VERDON;IMPASSE DES JARDINS;commune;commune;1;;e68e82fe-b3b9-4f74-be74-6e998343b13a;0a9bf961-c659-4dd6-8d88-65f939e9735e;013c44f8-93d3-4849-9207-bd15d000af88;missing
83005_xddfex_00087_e;;87;e;Ancien chemin de Riez;83630;83005;Artignosc-sur-Verdon;;;949090.02;6294472.87;6.09044;43.705411;entrée;;;ARTIGNOSC SUR VERDON;ANCIEN CHEMIN DE RIEZ;commune;commune;1;830050000B0593;e7dc6c3b-c7a0-4b52-b612-2c8fbb555a73;205533f6-3586-46d7-9d2b-7f6d12033b1e;013c44f8-93d3-4849-9207-bd15d000af88;add
83005_0020_00010;83005_0020;10;;Rue du Bassin;83630;83005;Artignosc-sur-Verdon;;;949032.21;6294193.79;6.089588;43.702922;entrée;;;ARTIGNOSC SUR VERDON;RUE DU BASSIN;commune;commune;1;830050000F0455;e80c6010-2dd5-43eb-adfc-15f7fe297377;fd1cc111-df4e-4a18-b20d-fba340363e1a;013c44f8-93d3-4849-9207-bd15d000af88;add
83005_xwkkmg_00504;;504;;Route du Lac;83630;83005;Artignosc-sur-Verdon;;;948954.89;6294808.58;6.088928;43.708477;entrée;;;ARTIGNOSC SUR VERDON;ROUTE DU LAC;commune;commune;1;830050000F0799;e87a6673-3fe1-4a1c-88f4-bffd295dd7c9;5a4c675b-7777-48ac-8574-26e2beb89110;013c44f8-93d3-4849-9207-bd15d000af88;exist
83005_lpcytg_00006;;6;;Chemin du Grand Jardin;83630;83005;Artignosc-sur-Verdon;;;949042.64;6294312.64;6.089775;43.703987;entrée;;;ARTIGNOSC SUR VERDON;CHEMIN DU GRAND JARDIN;commune;commune;1;830050000F0730;e87d01ae-5aec-4e5d-8608-a9b2f172fc49;7e0ddef0-6344-42d0-b66b-7b4a1c18d0ca;013c44f8-93d3-4849-9207-bd15d000af88;add
83005_0055_00343;83005_0055;343;;Chemin des Fourches;83630;83005;Artignosc-sur-Verdon;;;948847.72;6294774.24;6.087583;43.708206;entrée;;;ARTIGNOSC SUR VERDON;CHEMIN DES FOURCHES;commune;commune;1;830050000F0262;e9230aff-a463-4ec3-bf9b-2c60f02267b4;b7631944-776b-4c32-b534-8b069d26cea8;013c44f8-93d3-4849-9207-bd15d000af88;add
83005_7xgw97_00106;;106;;Impasse du Noyer;83630;83005;Artignosc-sur-Verdon;;;948898.76;6294478.06;6.088072;43.705525;entrée;;;ARTIGNOSC SUR VERDON;IMPASSE DU NOYER;commune;commune;1;830050000F0876;e9b3b266-d147-4af3-b709-80c60e893733;69510c0d-b2e6-4ed6-8417-b9246e7e83d2;013c44f8-93d3-4849-9207-bd15d000af88;add
83005_0050_00013;83005_0050;13;;Rue du Four;83630;83005;Artignosc-sur-Verdon;;;949048.07;6294171.83;6.089774;43.702719;entrée;;;ARTIGNOSC SUR VERDON;RUE DU FOUR;commune;commune;1;830050000F0435;e9bf88f7-368a-4db5-a898-cc86ab69ab79;fc753472-2eac-4dda-ad8d-aa55181417fd;013c44f8-93d3-4849-9207-bd15d000af88;add
83005_ej29y1_00483;;483;;Chemin du Bridon;83630;83005;Artignosc-sur-Verdon;;;950770.68;6294312.69;6.111192;43.703377;entrée;;;ARTIGNOSC SUR VERDON;CHEMIN DU BRIDON;commune;commune;1;830050000B0533;e9ccfbda-de7c-4e1e-b301-c50e930ddd47;6682f431-be3b-4a39-a62d-d936c6868d15;013c44f8-93d3-4849-9207-bd15d000af88;exist
83005_6uq6o4_00205;;205;;Chemin de Baudinard;83630;83005;Artignosc-sur-Verdon;;;949320.41;6294420.51;6.09327;43.704859;entrée;;;ARTIGNOSC SUR VERDON;CHEMIN DE BAUDINARD;commune;commune;1;830050000B0567;eb43c328-284c-46f0-a479-6f7e534ceedd;b7074437-8e22-4eda-a787-7ebd5681703a;013c44f8-93d3-4849-9207-bd15d000af88;exist
83005_rv734b_00832_a;;832;a;Chemin de Fontayne;83630;83005;Artignosc-sur-Verdon;;;949959.25;6294012.16;6.100989;43.700962;entrée;;;ARTIGNOSC SUR VERDON;CHEMIN DE FONTAYNE;commune;commune;1;830050000C0520;eb4c53a9-6878-4522-b756-7f7523335779;a49af9fa-f06f-41ca-bc63-5b28749d268f;013c44f8-93d3-4849-9207-bd15d000af88;exist
83005_xwkkmg_00720;;720;;Route du Lac;83630;83005;Artignosc-sur-Verdon;;;948884.93;6294951.31;6.08813;43.709785;entrée;;;ARTIGNOSC SUR VERDON;ROUTE DU LAC;commune;commune;1;830050000F0218;eb8ac6e2-3ff0-44c7-a56c-b789121dc04f;5a4c675b-7777-48ac-8574-26e2beb89110;013c44f8-93d3-4849-9207-bd15d000af88;add
83005_xddfex_00087_c;;87;c;Ancien chemin de Riez;83630;83005;Artignosc-sur-Verdon;;;949061.52;6294471.31;6.090086;43.705407;entrée;;;ARTIGNOSC SUR VERDON;ANCIEN CHEMIN DE RIEZ;commune;commune;1;830050000B0439;ebc30d35-2e78-4579-a076-fe48ff56fbd7;205533f6-3586-46d7-9d2b-7f6d12033b1e;013c44f8-93d3-4849-9207-bd15d000af88;exist
83005_6tgwk7_00005;;5;;Rue du Puits Neuf;83630;83005;Artignosc-sur-Verdon;;;949034.07;6294203.87;6.089616;43.703012;entrée;;;ARTIGNOSC SUR VERDON;RUE DU PUITS NEUF;commune;commune;1;830050000F0457;ec1959da-cd6d-475f-8220-7904987c4c5e;6abcce4b-bd19-4cf7-ab5c-53c3e98c46c6;013c44f8-93d3-4849-9207-bd15d000af88;add
83005_cjyclj_00744;;744;;Chemin de l’Eouviere;83630;83005;Artignosc-sur-Verdon;;;949219.66;6296227.51;6.092899;43.721142;entrée;;;ARTIGNOSC SUR VERDON;CHEMIN DE L EOUVIERE;commune;commune;1;830050000A0076;ec1c0380-6edb-4a8b-92ba-71d0dee144f9;68aa84c5-0d39-4359-ae25-9be8103c037c;013c44f8-93d3-4849-9207-bd15d000af88;add
83005_0005_00009;83005_0005;9;;Rue des Aires;83630;83005;Artignosc-sur-Verdon;;;949016.96;6294329.66;6.089465;43.704149;entrée;;;ARTIGNOSC SUR VERDON;RUE DES AIRES;commune;commune;1;830050000F0541;ed57a910-db72-4abf-a417-1566ba17a710;271cb933-fffc-4e3e-8493-af19d33a977a;013c44f8-93d3-4849-9207-bd15d000af88;add
83005_4owzij_00003;;3;;Passage de Cubert;83630;83005;Artignosc-sur-Verdon;;;949088.97;6294184.44;6.090287;43.702818;entrée;;;ARTIGNOSC SUR VERDON;PASSAGE DE CUBERT;commune;commune;1;830050000F0472;edaf809d-55cc-4182-9756-61e0961af1aa;a8c965f5-6d4e-48eb-ba53-1876302c648e;013c44f8-93d3-4849-9207-bd15d000af88;exist
83005_0065_00012;83005_0065;12;;Rue Grambois;83630;83005;Artignosc-sur-Verdon;;;949094.87;6294155.31;6.090346;43.702554;entrée;;;ARTIGNOSC SUR VERDON;RUE GRAMBOIS;commune;commune;1;830050000F0394;efb2c85d-284c-4a2c-8aa2-fe635f0c3742;b5269a2f-8054-4d45-8988-9940e937226f;013c44f8-93d3-4849-9207-bd15d000af88;add
83005_d29eph_00207;;207;;Chemin du Terrain de Tennis;83630;83005;Artignosc-sur-Verdon;;;949241.05;6294578.22;6.092363;43.706305;entrée;;;ARTIGNOSC SUR VERDON;CHEMIN DU TERRAIN DE TENNIS;commune;commune;1;830050000B0423;f03683d2-8b47-44ab-aebc-9d82d3fb81ca;a9610e40-7347-4cc1-934a-eb1a2f2d2c86;013c44f8-93d3-4849-9207-bd15d000af88;exist
83005_a5xarh_00620;;620;;Chemin du Mas;83630;83005;Artignosc-sur-Verdon;;;950358.46;6295150.83;6.106492;43.711059;entrée;;;ARTIGNOSC SUR VERDON;CHEMIN DU MAS;commune;commune;1;830050000A0029;f097d688-0024-4479-b19d-26338b1b12ba;508384e2-04db-4b77-8cdd-0c4181cc723d;013c44f8-93d3-4849-9207-bd15d000af88;add
83005_0j3isg_00308;;308;;Chemin des Bardelieres;83630;83005;Artignosc-sur-Verdon;;;948725.03;6294573.59;6.085965;43.706445;entrée;;;ARTIGNOSC SUR VERDON;CHEMIN DES BARDELIERES;commune;commune;1;830050000F0824;f0af370f-7de4-46ea-92bb-d11c779ff2a6;3ab723c0-a906-485c-b666-335b62e31380;013c44f8-93d3-4849-9207-bd15d000af88;add
83005_0090_00005;83005_0090;5;;Rue des Muletières;83630;83005;Artignosc-sur-Verdon;;;949163.79;6294218.85;6.091231;43.703101;entrée;;;ARTIGNOSC SUR VERDON;RUE DES MULETIERES;commune;commune;1;830050000F0346;f0f5e410-f51c-4ad8-a6ff-e42ac98900e7;2a278aa4-9b56-4b93-846a-4d6b843a78b8;013c44f8-93d3-4849-9207-bd15d000af88;add
83005_0050_00007;83005_0050;7;;Rue du Four;83630;83005;Artignosc-sur-Verdon;;;949066.53;6294174.33;6.090004;43.702735;entrée;;;ARTIGNOSC SUR VERDON;RUE DU FOUR;commune;commune;1;830050000F0644;f1c71ef0-569a-43ff-b6bb-4a2d396f9b1b;fc753472-2eac-4dda-ad8d-aa55181417fd;013c44f8-93d3-4849-9207-bd15d000af88;add
83005_xddfex_00087_a;;87;a;Ancien chemin de Riez;83630;83005;Artignosc-sur-Verdon;;;949032.67;6294414.91;6.089701;43.70491;entrée;;;ARTIGNOSC SUR VERDON;ANCIEN CHEMIN DE RIEZ;commune;commune;1;830050000B0584;f20c3aea-f949-4331-ac92-b91eeabba91f;205533f6-3586-46d7-9d2b-7f6d12033b1e;013c44f8-93d3-4849-9207-bd15d000af88;exist
83005_0070_00024;83005_0070;24;;Grand Rue;83630;83005;Artignosc-sur-Verdon;;;949039.19;6294153.47;6.089655;43.702557;entrée;;;ARTIGNOSC SUR VERDON;GRAND RUE;commune;commune;1;830050000F0437;f3824a9c-5a00-417b-88f7-bca5821fdabc;ed38b39d-f7cb-4f21-acaa-d478e98b2f0e;013c44f8-93d3-4849-9207-bd15d000af88;add
83005_0055_00083;83005_0055;83;;Chemin des Fourches;83630;83005;Artignosc-sur-Verdon;;;949030.71;6294590.55;6.089762;43.70649;entrée;;;ARTIGNOSC SUR VERDON;CHEMIN DES FOURCHES;commune;commune;1;830050000F0234;f466b68e-2b01-45f4-bf9c-2a6ebf375ec1;b7631944-776b-4c32-b534-8b069d26cea8;013c44f8-93d3-4849-9207-bd15d000af88;add
83005_xddfex_00062;;62;;Ancien chemin de Riez;83630;83005;Artignosc-sur-Verdon;;;949044.07;6294496.76;6.089882;43.705642;entrée;;;ARTIGNOSC SUR VERDON;ANCIEN CHEMIN DE RIEZ;commune;commune;1;830050000F0233;f5193ea4-313f-407e-8ded-b7ef9f95aa92;205533f6-3586-46d7-9d2b-7f6d12033b1e;013c44f8-93d3-4849-9207-bd15d000af88;exist
83005_ye3pd7_00109;;109;;Impasse de Sainte Trinite;83630;83005;Artignosc-sur-Verdon;;;949531.45;6294112.59;6.095736;43.702016;entrée;;;ARTIGNOSC SUR VERDON;IMPASSE DE SAINTE TRINITE;commune;commune;1;830050000C0487;f5c72d81-aaef-4430-ba35-c8bbe00aa2e1;2d565402-1602-4a3d-872b-f12d354fe887;013c44f8-93d3-4849-9207-bd15d000af88;add
83005_0055_00207;83005_0055;207;;Chemin des Fourches;83630;83005;Artignosc-sur-Verdon;;;948934.25;6294670.19;6.088605;43.70724;entrée;;;ARTIGNOSC SUR VERDON;CHEMIN DES FOURCHES;commune;commune;1;830050000F0737;f624cf40-4be9-403e-ba7d-24239509cf31;b7631944-776b-4c32-b534-8b069d26cea8;013c44f8-93d3-4849-9207-bd15d000af88;add
83005_6pohki_00146;;146;;Impasse de l’Aspe;83630;83005;Artignosc-sur-Verdon;;;949744.58;6295242.03;6.098927;43.712096;entrée;;;ARTIGNOSC SUR VERDON;IMPASSE DE L ASPE;commune;commune;1;830050000A0462;f66143f4-f115-41bf-827a-7ceb73051961;1d96c10d-8ded-4101-9d5c-9c805f213680;013c44f8-93d3-4849-9207-bd15d000af88;add
83005_idi39m_00126;;126;;Impasse des Adrets;83630;83005;Artignosc-sur-Verdon;;;949759.61;6294031.01;6.098524;43.701202;entrée;;;ARTIGNOSC SUR VERDON;IMPASSE DES ADRETS;commune;commune;1;830050000C0394;f6c408b0-eda8-40c5-a75e-ca98cf38d2a1;ac19e336-95e8-4fd0-ba17-82ee5173fc58;013c44f8-93d3-4849-9207-bd15d000af88;add
83005_q9oqlw_00209;;209;;Impasse du Clos;83630;83005;Artignosc-sur-Verdon;;;949606.74;6294657.28;6.096934;43.706887;entrée;;;ARTIGNOSC SUR VERDON;IMPASSE DU CLOS;commune;commune;1;830050000B0172;f7e17a68-f9eb-40b3-8374-80b1e9554e11;1ae38dc6-dbf5-44f6-9f59-3a05965eb191;013c44f8-93d3-4849-9207-bd15d000af88;add
83005_i1b0ex_00251;;251;;Route d’Aups;83630;83005;Artignosc-sur-Verdon;;;949433.16;6294156.22;6.094539;43.702443;entrée;;;ARTIGNOSC SUR VERDON;ROUTE D AUPS;commune;commune;1;830050000C0446;f7fc8269-8e8c-44fd-9eee-3d6bb2d11236;e1480221-5fe9-4495-b72a-06f03c89060f;013c44f8-93d3-4849-9207-bd15d000af88;add
83005_0065_00005;83005_0065;5;;Rue Grambois;83630;83005;Artignosc-sur-Verdon;;;949084.42;6294158.46;6.090218;43.702586;entrée;;;ARTIGNOSC SUR VERDON;RUE GRAMBOIS;commune;commune;1;830050000F0427;f872cfd5-f746-4c58-8cf2-70602a60f799;b5269a2f-8054-4d45-8988-9940e937226f;013c44f8-93d3-4849-9207-bd15d000af88;add
83005_rv734b_00484;;484;;Chemin de Fontayne;83630;83005;Artignosc-sur-Verdon;;;949685.29;6294175.01;6.097673;43.702523;entrée;;;ARTIGNOSC SUR VERDON;CHEMIN DE FONTAYNE;commune;commune;1;830050000C0023;f87b9f06-e4ad-43d8-ab99-b337c24aa80b;a49af9fa-f06f-41ca-bc63-5b28749d268f;013c44f8-93d3-4849-9207-bd15d000af88;add
83005_0090_00008;83005_0090;8;;Rue des Muletières;83630;83005;Artignosc-sur-Verdon;;;949141.29;6294208.29;6.090947;43.703014;entrée;;;ARTIGNOSC SUR VERDON;RUE DES MULETIERES;commune;commune;1;;f883c523-db9b-4f9a-b0f4-fca681dcca14;2a278aa4-9b56-4b93-846a-4d6b843a78b8;013c44f8-93d3-4849-9207-bd15d000af88;missing
83005_6uq6o4_00157;;157;;Chemin de Baudinard;83630;83005;Artignosc-sur-Verdon;;;949296.27;6294392.09;6.092957;43.704612;entrée;;;ARTIGNOSC SUR VERDON;CHEMIN DE BAUDINARD;commune;commune;1;830050000B0565;f891f46f-f433-424b-8aa9-e127f2f5183f;b7074437-8e22-4eda-a787-7ebd5681703a;013c44f8-93d3-4849-9207-bd15d000af88;add
83005_xwkkmg_00608;;608;;Route du Lac;83630;83005;Artignosc-sur-Verdon;;;948908.1;6294878.59;6.088382;43.709123;entrée;;;ARTIGNOSC SUR VERDON;ROUTE DU LAC;commune;commune;1;830050000F0217;f9714228-ef3f-4aae-8de2-3f7067dbe1c9;5a4c675b-7777-48ac-8574-26e2beb89110;013c44f8-93d3-4849-9207-bd15d000af88;add
83005_aucuy6_00071;;71;;Chemin de Gaudissard;83630;83005;Artignosc-sur-Verdon;;;950842.81;6294208.32;6.112035;43.702413;entrée;;;ARTIGNOSC SUR VERDON;CHEMIN DE GAUDISSARD;commune;commune;1;830050000B0401;f988afb6-9ba2-4e63-ae64-42b96310e4ea;750a304b-0529-4afd-8554-51cb08eafade;013c44f8-93d3-4849-9207-bd15d000af88;add
83005_rv734b_00115;;115;;Chemin de Fontayne;83630;83005;Artignosc-sur-Verdon;;;949343.04;6294267.02;6.093476;43.703471;entrée;;;ARTIGNOSC SUR VERDON;CHEMIN DE FONTAYNE;commune;commune;1;830050000B0555;f9ce36f3-d22c-42ab-9f2d-8bd69f369197;a49af9fa-f06f-41ca-bc63-5b28749d268f;013c44f8-93d3-4849-9207-bd15d000af88;add
83005_8hg1ro_00384;;384;;Impasse de la Coste;83630;83005;Artignosc-sur-Verdon;;;949425.88;6294043.5;6.094394;43.701432;entrée;;;ARTIGNOSC SUR VERDON;IMPASSE DE LA COSTE;commune;commune;1;830050000C0517;fa3f1390-2aa3-42b2-8d77-38a25f61c9cc;1f25d772-664e-4c68-a7dd-f0035b7e1980;013c44f8-93d3-4849-9207-bd15d000af88;add
83005_0070_00011;83005_0070;11;;Grand Rue;83630;83005;Artignosc-sur-Verdon;;;949108.25;6294176.3;6.090522;43.702738;entrée;;;ARTIGNOSC SUR VERDON;GRAND RUE;commune;commune;1;;fae7ca8e-d167-4957-a48a-c1130cfad950;ed38b39d-f7cb-4f21-acaa-d478e98b2f0e;013c44f8-93d3-4849-9207-bd15d000af88;missing
83005_xddfex_00035;;35;;Ancien chemin de Riez;83630;83005;Artignosc-sur-Verdon;;;949078.39;6294512.46;6.090315;43.705771;entrée;;;ARTIGNOSC SUR VERDON;ANCIEN CHEMIN DE RIEZ;commune;commune;1;830050000B0592;fc965691-1495-4193-86a2-0b53564eab4b;205533f6-3586-46d7-9d2b-7f6d12033b1e;013c44f8-93d3-4849-9207-bd15d000af88;exist
83005_a5xarh_00614;;614;;Chemin du Mas;83630;83005;Artignosc-sur-Verdon;;;950358.52;6295143.27;6.106489;43.710991;entrée;;;ARTIGNOSC SUR VERDON;CHEMIN DU MAS;commune;commune;1;830050000A0029;fd803b7a-2bd7-42ef-b765-9fd001244450;508384e2-04db-4b77-8cdd-0c4181cc723d;013c44f8-93d3-4849-9207-bd15d000af88;add
83005_cjyclj_01134;;1134;;Chemin de l’Eouviere;83630;83005;Artignosc-sur-Verdon;;;949312.09;6296464.24;6.09416;43.723238;entrée;;;ARTIGNOSC SUR VERDON;CHEMIN DE L EOUVIERE;commune;commune;1;830050000A0007;fd92f556-9dd5-403e-87d0-081047639dc9;68aa84c5-0d39-4359-ae25-9be8103c037c;013c44f8-93d3-4849-9207-bd15d000af88;add
83005_0025_00005;83005_0025;5;;Place du Bicentenaire;83630;83005;Artignosc-sur-Verdon;;;949085.32;6294436.43;6.090364;43.705085;entrée;;;ARTIGNOSC SUR VERDON;PLACE DU BICENTENAIRE;commune;commune;1;830050000B0498;fd9ec236-3707-4d0c-ac14-2785545104b6;5e347f18-2039-48a7-b691-0ee1cb91ec00;013c44f8-93d3-4849-9207-bd15d000af88;add
83005_9wch20_00624;;624;;Chemin de Terrisse;83630;83005;Artignosc-sur-Verdon;;;950480.61;6294232.75;6.107558;43.702761;entrée;;;ARTIGNOSC SUR VERDON;CHEMIN DE TERRISSE;commune;commune;1;830050000B0340;fdb67ff2-6737-4b93-8ba8-7991ce261365;7a486df9-08cf-43db-86ee-bd4befaae7f0;013c44f8-93d3-4849-9207-bd15d000af88;add
83005_0090_00020;83005_0090;20;;Rue des Muletières;83630;83005;Artignosc-sur-Verdon;;;949181.87;6294216.55;6.091454;43.703074;entrée;;;ARTIGNOSC SUR VERDON;RUE DES MULETIERES;commune;commune;1;830050000F0361;fe9130fc-5701-42a3-83a8-586067c8a23f;2a278aa4-9b56-4b93-846a-4d6b843a78b8;013c44f8-93d3-4849-9207-bd15d000af88;add
83005_rv734b_00050;;50;;Chemin de Fontayne;83630;83005;Artignosc-sur-Verdon;;;949282.8;6294239.53;6.092716;43.703245;entrée;;;ARTIGNOSC SUR VERDON;CHEMIN DE FONTAYNE;commune;commune;1;830050000C0301;ff46795c-a2e8-4ed4-a757-c49d8d31c663;a49af9fa-f06f-41ca-bc63-5b28749d268f;013c44f8-93d3-4849-9207-bd15d000af88;add
83005_i1b0ex_00767_b;;767;b;Route d’Aups;83630;83005;Artignosc-sur-Verdon;;;949901.48;6293975.08;6.100255;43.700649;entrée;;;ARTIGNOSC SUR VERDON;ROUTE D AUPS;commune;commune;1;830050000C0568;ffac6ffe-2e9c-41df-92c4-7011d514f311;e1480221-5fe9-4495-b72a-06f03c89060f;013c44f8-93d3-4849-9207-bd15d000af88;exist
83005_ye3pd7_00085;;85;;Impasse de Sainte Trinite;83630;83005;Artignosc-sur-Verdon;;;949559.46;6294104.12;6.096079;43.70193;entrée;;;ARTIGNOSC SUR VERDON;IMPASSE DE SAINTE TRINITE;commune;commune;1;830050000C0486;ffdf5538-5a84-4c2b-94da-28b822416b79;2d565402-1602-4a3d-872b-f12d354fe887;013c44f8-93d3-4849-9207-bd15d000af88;add
83005_0050_00001;83005_0050;1;;Rue du Four;83630;83005;Artignosc-sur-Verdon;;;949086.4;6294178;6.090252;43.702761;entrée;;;ARTIGNOSC SUR VERDON;RUE DU FOUR;commune;commune;1;;fff99e80-043e-492b-a18f-46ad806b3e72;fc753472-2eac-4dda-ad8d-aa55181417fd;013c44f8-93d3-4849-9207-bd15d000af88;missing
